-- ============================================================
-- Migration: web cũ (Firestore) -> Supabase (Anh Ngữ Ms.Phương)
-- Sinh tự động 2026-06-06T03:04:26.323Z
-- teacher_id = a3e9bc5d-91cb-4923-bd10-89f21096e7b0
-- CHẠY TRONG SUPABASE SQL EDITOR (bypass RLS). Chỉ chạy MỘT lần.
-- ============================================================

-- Tiền điều kiện: hồ sơ teacher phải tồn tại (đăng nhập web mới ít nhất 1 lần).
do $$
begin
  if not exists (select 1 from public.teachers where id = 'a3e9bc5d-91cb-4923-bd10-89f21096e7b0') then
    raise exception 'Khong tim thay teacher %. Hay dang nhap web moi it nhat 1 lan de tao ho so teacher roi chay lai.', 'a3e9bc5d-91cb-4923-bd10-89f21096e7b0';
  end if;
end $$;

begin;

-- 1. CLASSES (2 lớp hiện hành)
insert into public.classes (id, teacher_id, name, course_type, schedule_days, schedule_time, start_date, created_at) values ('33a78b3e-6dc9-479e-b8ba-22046dac9b96', 'a3e9bc5d-91cb-4923-bd10-89f21096e7b0', 'IELTS 02', 'IELTS', 'Thứ 2-4-6', '19:00-20:30', '2026-05-11', '2026-04-28T22:47:36.000Z') on conflict (id) do nothing;
insert into public.classes (id, teacher_id, name, course_type, schedule_days, schedule_time, start_date, created_at) values ('bb91fed2-2eb7-465a-af0b-8e8eafbcae8b', 'a3e9bc5d-91cb-4923-bd10-89f21096e7b0', 'TOEIC 02', 'TOEIC', 'Thứ 3-5-7', '19:00-20:30', '2026-05-05', '2026-04-28T15:49:24.000Z') on conflict (id) do nothing;

-- 2. STUDENTS (18 HS hiện hành)
insert into public.students (id, teacher_id, name, phone, email, created_at) values ('7b8243d5-8540-4b7f-bbef-9da4627d7794', 'a3e9bc5d-91cb-4923-bd10-89f21096e7b0', 'Lê Nguyễn Anh Tuấn', null, null, '2026-04-28T16:18:25.000Z') on conflict (id) do nothing;
insert into public.students (id, teacher_id, name, phone, email, created_at) values ('00f66c77-d20a-4fff-af9e-1ecdc25ede01', 'a3e9bc5d-91cb-4923-bd10-89f21096e7b0', 'Lê Huy Toàn', null, null, '2026-04-28T22:51:05.000Z') on conflict (id) do nothing;
insert into public.students (id, teacher_id, name, phone, email, created_at) values ('48d9e1d6-8164-43ee-bff6-9ca309eea473', 'a3e9bc5d-91cb-4923-bd10-89f21096e7b0', 'Nguyễn Phước Đạt', '0778955332', null, '2026-04-28T22:48:51.000Z') on conflict (id) do nothing;
insert into public.students (id, teacher_id, name, phone, email, created_at) values ('2bf99992-94f9-48c2-953c-a8819e8a4342', 'a3e9bc5d-91cb-4923-bd10-89f21096e7b0', 'Kim Khánh', '0901429553', null, '2026-04-28T16:17:30.000Z') on conflict (id) do nothing;
insert into public.students (id, teacher_id, name, phone, email, created_at) values ('5ac04cc9-1653-4dec-8bf7-659ff5def994', 'a3e9bc5d-91cb-4923-bd10-89f21096e7b0', 'Trần Ngọc Lan Phương', '0355423433', null, '2026-04-29T14:05:33.000Z') on conflict (id) do nothing;
insert into public.students (id, teacher_id, name, phone, email, created_at) values ('f1738a14-64fb-4843-81bf-5293154c91da', 'a3e9bc5d-91cb-4923-bd10-89f21096e7b0', 'Đặng Ngọc Phương Uyên', '0905391317', null, '2026-04-28T22:48:51.000Z') on conflict (id) do nothing;
insert into public.students (id, teacher_id, name, phone, email, created_at) values ('f2afa4df-cd6d-430c-9fa8-95f5c7aa06a4', 'a3e9bc5d-91cb-4923-bd10-89f21096e7b0', 'Nguyễn Ngọc Thảo Nguyên', '0385966032', null, '2026-04-28T16:17:30.000Z') on conflict (id) do nothing;
insert into public.students (id, teacher_id, name, phone, email, created_at) values ('fd985660-1303-4265-8814-8b9f3a287484', 'a3e9bc5d-91cb-4923-bd10-89f21096e7b0', 'Lê Thanh Hoài Ân', '0931147920', null, '2026-04-28T16:17:30.000Z') on conflict (id) do nothing;
insert into public.students (id, teacher_id, name, phone, email, created_at) values ('857f1cb4-30d9-4a03-8479-8841882a29df', 'a3e9bc5d-91cb-4923-bd10-89f21096e7b0', 'Hồ Thị Lan Hương', '0825686357', null, '2026-04-28T22:48:51.000Z') on conflict (id) do nothing;
insert into public.students (id, teacher_id, name, phone, email, created_at) values ('40cc83fe-ddac-4867-920e-a616ef2a6c49', 'a3e9bc5d-91cb-4923-bd10-89f21096e7b0', 'Trần Ngọc Trúc Ly', '0768150910', null, '2026-04-28T16:17:29.000Z') on conflict (id) do nothing;
insert into public.students (id, teacher_id, name, phone, email, created_at) values ('9816822c-5dd5-4b8a-acb5-d2c5a412631b', 'a3e9bc5d-91cb-4923-bd10-89f21096e7b0', 'Trịnh Thanh Xuân', '0338705468', null, '2026-04-28T16:17:30.000Z') on conflict (id) do nothing;
insert into public.students (id, teacher_id, name, phone, email, created_at) values ('dac49642-cbc2-4a77-b34f-65cfb031f83c', 'a3e9bc5d-91cb-4923-bd10-89f21096e7b0', 'Nguyễn Hoàng Mỹ Linh', '0779457339', null, '2026-04-28T16:17:30.000Z') on conflict (id) do nothing;
insert into public.students (id, teacher_id, name, phone, email, created_at) values ('f98be027-6691-47fa-bbdc-002ff353d838', 'a3e9bc5d-91cb-4923-bd10-89f21096e7b0', 'Phạm Thị Hải Yến', '0349215113', null, '2026-04-28T22:48:51.000Z') on conflict (id) do nothing;
insert into public.students (id, teacher_id, name, phone, email, created_at) values ('94478a44-7c2f-4ee7-a827-fd3212fb47a0', 'a3e9bc5d-91cb-4923-bd10-89f21096e7b0', 'Nguyễn Phương Trinh', '0348556653', null, '2026-04-28T16:17:30.000Z') on conflict (id) do nothing;
insert into public.students (id, teacher_id, name, phone, email, created_at) values ('17b57c44-e7ba-4bc4-92d7-746f36f35597', 'a3e9bc5d-91cb-4923-bd10-89f21096e7b0', 'Trần Thị Liên', '0971561046', null, '2026-04-28T22:48:51.000Z') on conflict (id) do nothing;
insert into public.students (id, teacher_id, name, phone, email, created_at) values ('6ede50ba-b02a-494b-9826-c8e850e45548', 'a3e9bc5d-91cb-4923-bd10-89f21096e7b0', 'Phan Ngọc Thuận', '0932526112', null, '2026-04-28T22:48:51.000Z') on conflict (id) do nothing;
insert into public.students (id, teacher_id, name, phone, email, created_at) values ('5b87d0c7-1ee7-4f62-b847-d463d09d4c60', 'a3e9bc5d-91cb-4923-bd10-89f21096e7b0', 'Phạm Thị Bích Hậu', '0358201027', null, '2026-04-28T22:48:51.000Z') on conflict (id) do nothing;
insert into public.students (id, teacher_id, name, phone, email, created_at) values ('5541d7cb-a327-4bc7-8408-010d069a9e8f', 'a3e9bc5d-91cb-4923-bd10-89f21096e7b0', 'Vũ Thị Phương Thảo', '0943730798', null, '2026-04-28T16:17:30.000Z') on conflict (id) do nothing;

-- 3. ENROLLMENTS (gắn HS vào lớp + học phí tháng)
insert into public.enrollments (id, student_id, class_id, status, fee_type, monthly_fee, course_fee, goal, note, enrolled_at) values (gen_random_uuid(), '7b8243d5-8540-4b7f-bbef-9da4627d7794', 'bb91fed2-2eb7-465a-af0b-8e8eafbcae8b', 'active', 'monthly', null, null, '600+', null, '2026-04-28T16:18:25.000Z') on conflict (student_id, class_id) do nothing;
insert into public.enrollments (id, student_id, class_id, status, fee_type, monthly_fee, course_fee, goal, note, enrolled_at) values (gen_random_uuid(), '00f66c77-d20a-4fff-af9e-1ecdc25ede01', '33a78b3e-6dc9-479e-b8ba-22046dac9b96', 'active', 'monthly', 800000, null, null, null, '2026-04-28T22:51:05.000Z') on conflict (student_id, class_id) do nothing;
insert into public.enrollments (id, student_id, class_id, status, fee_type, monthly_fee, course_fee, goal, note, enrolled_at) values (gen_random_uuid(), '48d9e1d6-8164-43ee-bff6-9ca309eea473', '33a78b3e-6dc9-479e-b8ba-22046dac9b96', 'active', 'monthly', 800000, null, null, null, '2026-04-28T22:48:51.000Z') on conflict (student_id, class_id) do nothing;
insert into public.enrollments (id, student_id, class_id, status, fee_type, monthly_fee, course_fee, goal, note, enrolled_at) values (gen_random_uuid(), '2bf99992-94f9-48c2-953c-a8819e8a4342', 'bb91fed2-2eb7-465a-af0b-8e8eafbcae8b', 'active', 'monthly', null, null, null, null, '2026-04-28T16:17:30.000Z') on conflict (student_id, class_id) do nothing;
insert into public.enrollments (id, student_id, class_id, status, fee_type, monthly_fee, course_fee, goal, note, enrolled_at) values (gen_random_uuid(), '5ac04cc9-1653-4dec-8bf7-659ff5def994', '33a78b3e-6dc9-479e-b8ba-22046dac9b96', 'active', 'monthly', null, null, '6.5', null, '2026-04-29T14:05:33.000Z') on conflict (student_id, class_id) do nothing;
insert into public.enrollments (id, student_id, class_id, status, fee_type, monthly_fee, course_fee, goal, note, enrolled_at) values (gen_random_uuid(), 'f1738a14-64fb-4843-81bf-5293154c91da', '33a78b3e-6dc9-479e-b8ba-22046dac9b96', 'active', 'monthly', 800000, null, null, null, '2026-04-28T22:48:51.000Z') on conflict (student_id, class_id) do nothing;
insert into public.enrollments (id, student_id, class_id, status, fee_type, monthly_fee, course_fee, goal, note, enrolled_at) values (gen_random_uuid(), 'f2afa4df-cd6d-430c-9fa8-95f5c7aa06a4', 'bb91fed2-2eb7-465a-af0b-8e8eafbcae8b', 'active', 'monthly', null, null, null, null, '2026-04-28T16:17:30.000Z') on conflict (student_id, class_id) do nothing;
insert into public.enrollments (id, student_id, class_id, status, fee_type, monthly_fee, course_fee, goal, note, enrolled_at) values (gen_random_uuid(), 'fd985660-1303-4265-8814-8b9f3a287484', 'bb91fed2-2eb7-465a-af0b-8e8eafbcae8b', 'active', 'monthly', null, null, null, null, '2026-04-28T16:17:30.000Z') on conflict (student_id, class_id) do nothing;
insert into public.enrollments (id, student_id, class_id, status, fee_type, monthly_fee, course_fee, goal, note, enrolled_at) values (gen_random_uuid(), '857f1cb4-30d9-4a03-8479-8841882a29df', '33a78b3e-6dc9-479e-b8ba-22046dac9b96', 'active', 'monthly', 800000, null, null, null, '2026-04-28T22:48:51.000Z') on conflict (student_id, class_id) do nothing;
insert into public.enrollments (id, student_id, class_id, status, fee_type, monthly_fee, course_fee, goal, note, enrolled_at) values (gen_random_uuid(), '40cc83fe-ddac-4867-920e-a616ef2a6c49', 'bb91fed2-2eb7-465a-af0b-8e8eafbcae8b', 'active', 'monthly', null, null, null, null, '2026-04-28T16:17:29.000Z') on conflict (student_id, class_id) do nothing;
insert into public.enrollments (id, student_id, class_id, status, fee_type, monthly_fee, course_fee, goal, note, enrolled_at) values (gen_random_uuid(), '9816822c-5dd5-4b8a-acb5-d2c5a412631b', 'bb91fed2-2eb7-465a-af0b-8e8eafbcae8b', 'active', 'monthly', null, null, null, null, '2026-04-28T16:17:30.000Z') on conflict (student_id, class_id) do nothing;
insert into public.enrollments (id, student_id, class_id, status, fee_type, monthly_fee, course_fee, goal, note, enrolled_at) values (gen_random_uuid(), 'dac49642-cbc2-4a77-b34f-65cfb031f83c', 'bb91fed2-2eb7-465a-af0b-8e8eafbcae8b', 'active', 'monthly', null, null, null, null, '2026-04-28T16:17:30.000Z') on conflict (student_id, class_id) do nothing;
insert into public.enrollments (id, student_id, class_id, status, fee_type, monthly_fee, course_fee, goal, note, enrolled_at) values (gen_random_uuid(), 'f98be027-6691-47fa-bbdc-002ff353d838', '33a78b3e-6dc9-479e-b8ba-22046dac9b96', 'active', 'monthly', 800000, null, null, null, '2026-04-28T22:48:51.000Z') on conflict (student_id, class_id) do nothing;
insert into public.enrollments (id, student_id, class_id, status, fee_type, monthly_fee, course_fee, goal, note, enrolled_at) values (gen_random_uuid(), '94478a44-7c2f-4ee7-a827-fd3212fb47a0', 'bb91fed2-2eb7-465a-af0b-8e8eafbcae8b', 'active', 'monthly', null, null, null, null, '2026-04-28T16:17:30.000Z') on conflict (student_id, class_id) do nothing;
insert into public.enrollments (id, student_id, class_id, status, fee_type, monthly_fee, course_fee, goal, note, enrolled_at) values (gen_random_uuid(), '17b57c44-e7ba-4bc4-92d7-746f36f35597', '33a78b3e-6dc9-479e-b8ba-22046dac9b96', 'active', 'monthly', 800000, null, null, null, '2026-04-28T22:48:51.000Z') on conflict (student_id, class_id) do nothing;
insert into public.enrollments (id, student_id, class_id, status, fee_type, monthly_fee, course_fee, goal, note, enrolled_at) values (gen_random_uuid(), '6ede50ba-b02a-494b-9826-c8e850e45548', '33a78b3e-6dc9-479e-b8ba-22046dac9b96', 'active', 'monthly', 800000, null, null, null, '2026-04-28T22:48:51.000Z') on conflict (student_id, class_id) do nothing;
insert into public.enrollments (id, student_id, class_id, status, fee_type, monthly_fee, course_fee, goal, note, enrolled_at) values (gen_random_uuid(), '5b87d0c7-1ee7-4f62-b847-d463d09d4c60', '33a78b3e-6dc9-479e-b8ba-22046dac9b96', 'active', 'monthly', 800000, null, null, null, '2026-04-28T22:48:51.000Z') on conflict (student_id, class_id) do nothing;
insert into public.enrollments (id, student_id, class_id, status, fee_type, monthly_fee, course_fee, goal, note, enrolled_at) values (gen_random_uuid(), '5541d7cb-a327-4bc7-8408-010d069a9e8f', 'bb91fed2-2eb7-465a-af0b-8e8eafbcae8b', 'active', 'monthly', null, null, null, null, '2026-04-28T16:17:30.000Z') on conflict (student_id, class_id) do nothing;

-- 4. SESSIONS (bỏ qua session của 2 lớp đã xóa)
insert into public.sessions (id, class_id, date, created_manually, created_at) values ('e7e7652a-d2e5-4e87-b398-c7e2a0f4fe55', 'bb91fed2-2eb7-465a-af0b-8e8eafbcae8b', '2026-05-21', true, '2026-05-21T15:31:06.000Z') on conflict (id) do nothing;
insert into public.sessions (id, class_id, date, created_manually, created_at) values ('50a34b7e-407d-47ab-ba06-57ea11f8960a', 'bb91fed2-2eb7-465a-af0b-8e8eafbcae8b', '2026-05-28', true, '2026-05-28T14:00:18.000Z') on conflict (id) do nothing;
insert into public.sessions (id, class_id, date, created_manually, created_at) values ('17a0d9a5-6b70-4b62-a3dd-e98f8f98a589', 'bb91fed2-2eb7-465a-af0b-8e8eafbcae8b', '2026-05-05', true, '2026-04-28T16:19:17.000Z') on conflict (id) do nothing;
insert into public.sessions (id, class_id, date, created_manually, created_at) values ('918dc9f7-2c9c-444c-b81d-8a5fe465427c', '33a78b3e-6dc9-479e-b8ba-22046dac9b96', '2026-05-20', true, '2026-05-23T08:13:48.000Z') on conflict (id) do nothing;
insert into public.sessions (id, class_id, date, created_manually, created_at) values ('e8bc72f0-d6eb-4814-98b2-06092a8ebb1c', 'bb91fed2-2eb7-465a-af0b-8e8eafbcae8b', '2026-05-14', true, '2026-05-15T06:48:07.000Z') on conflict (id) do nothing;
insert into public.sessions (id, class_id, date, created_manually, created_at) values ('e84ecf86-222c-4e41-8d6a-8a10d96f749f', 'bb91fed2-2eb7-465a-af0b-8e8eafbcae8b', '2026-06-02', true, '2026-06-02T14:26:13.000Z') on conflict (id) do nothing;
insert into public.sessions (id, class_id, date, created_manually, created_at) values ('f4af1947-d951-4f3a-93de-888e96c9e37a', 'bb91fed2-2eb7-465a-af0b-8e8eafbcae8b', '2026-05-19', true, '2026-05-19T14:35:52.000Z') on conflict (id) do nothing;
insert into public.sessions (id, class_id, date, created_manually, created_at) values ('f21dd684-0295-4224-823d-8fc7ff81be27', '33a78b3e-6dc9-479e-b8ba-22046dac9b96', '2026-05-13', true, '2026-05-14T07:43:51.000Z') on conflict (id) do nothing;
insert into public.sessions (id, class_id, date, created_manually, created_at) values ('27a7bb9a-4097-4b09-b504-cd3e9a0b06cf', 'bb91fed2-2eb7-465a-af0b-8e8eafbcae8b', '2026-05-09', true, '2026-05-09T15:04:43.000Z') on conflict (id) do nothing;
insert into public.sessions (id, class_id, date, created_manually, created_at) values ('af7654b6-e39a-43f4-9682-ac48c9d87601', '33a78b3e-6dc9-479e-b8ba-22046dac9b96', '2026-05-27', true, '2026-05-30T14:32:38.000Z') on conflict (id) do nothing;
insert into public.sessions (id, class_id, date, created_manually, created_at) values ('e903cb8a-3e31-4a76-9345-67748aaa4d47', '33a78b3e-6dc9-479e-b8ba-22046dac9b96', '2026-05-29', true, '2026-05-30T14:32:46.000Z') on conflict (id) do nothing;
insert into public.sessions (id, class_id, date, created_manually, created_at) values ('bcdd5f92-b6fb-4023-a59f-ad91cf2c91ae', '33a78b3e-6dc9-479e-b8ba-22046dac9b96', '2026-05-11', true, '2026-05-11T14:04:41.000Z') on conflict (id) do nothing;
insert into public.sessions (id, class_id, date, created_manually, created_at) values ('fa885507-4fc9-4c9b-bd14-e9238a707025', 'bb91fed2-2eb7-465a-af0b-8e8eafbcae8b', '2026-05-16', true, '2026-05-18T09:59:46.000Z') on conflict (id) do nothing;
insert into public.sessions (id, class_id, date, created_manually, created_at) values ('844a9d50-893e-4690-92f6-c7a7ff6403ab', '33a78b3e-6dc9-479e-b8ba-22046dac9b96', '2026-05-18', true, '2026-05-18T15:01:17.000Z') on conflict (id) do nothing;
insert into public.sessions (id, class_id, date, created_manually, created_at) values ('35ec4833-1010-4027-a9bc-3a4837cfcc75', 'bb91fed2-2eb7-465a-af0b-8e8eafbcae8b', '2026-05-23', true, '2026-05-23T13:53:44.000Z') on conflict (id) do nothing;
insert into public.sessions (id, class_id, date, created_manually, created_at) values ('33666866-f022-412a-bfa3-9b73ada9d4d3', '33a78b3e-6dc9-479e-b8ba-22046dac9b96', '2026-05-15', true, '2026-05-15T14:49:51.000Z') on conflict (id) do nothing;
insert into public.sessions (id, class_id, date, created_manually, created_at) values ('8271df1c-1b73-4412-af66-e8c0f9da9455', '33a78b3e-6dc9-479e-b8ba-22046dac9b96', '2026-06-03', true, '2026-06-03T14:58:00.000Z') on conflict (id) do nothing;
insert into public.sessions (id, class_id, date, created_manually, created_at) values ('a2b1c7cb-1bcc-4b66-ac63-70f9eb18a0f0', 'bb91fed2-2eb7-465a-af0b-8e8eafbcae8b', '2026-05-26', true, '2026-05-26T13:59:10.000Z') on conflict (id) do nothing;
insert into public.sessions (id, class_id, date, created_manually, created_at) values ('0ff4cb28-2d8a-4b06-b7ae-8e8a905d9584', 'bb91fed2-2eb7-465a-af0b-8e8eafbcae8b', '2026-05-12', true, '2026-05-12T14:40:10.000Z') on conflict (id) do nothing;
insert into public.sessions (id, class_id, date, created_manually, created_at) values ('5fe1c873-dc0d-447b-9d45-f8c58b46624f', '33a78b3e-6dc9-479e-b8ba-22046dac9b96', '2026-05-25', true, '2026-05-25T14:59:34.000Z') on conflict (id) do nothing;
insert into public.sessions (id, class_id, date, created_manually, created_at) values ('6e08b5e6-80a1-4898-afa8-8d39152f6f2e', '33a78b3e-6dc9-479e-b8ba-22046dac9b96', '2026-05-22', true, '2026-05-23T08:14:05.000Z') on conflict (id) do nothing;
insert into public.sessions (id, class_id, date, created_manually, created_at) values ('47e9df33-1703-4f81-9874-c55456d6adef', '33a78b3e-6dc9-479e-b8ba-22046dac9b96', '2026-06-01', true, '2026-06-01T14:10:15.000Z') on conflict (id) do nothing;
insert into public.sessions (id, class_id, date, created_manually, created_at) values ('c036f0e1-5b21-4434-8073-43cb86662908', 'bb91fed2-2eb7-465a-af0b-8e8eafbcae8b', '2026-05-07', true, '2026-05-07T15:59:25.000Z') on conflict (id) do nothing;
insert into public.sessions (id, class_id, date, created_manually, created_at) values ('9b5ec397-2b6b-4acc-9964-e6e391443cf4', 'bb91fed2-2eb7-465a-af0b-8e8eafbcae8b', '2026-05-30', true, '2026-05-30T14:33:13.000Z') on conflict (id) do nothing;

-- 5. ATTENDANCE (present/late -> có mặt; absent -> vắng)
insert into public.attendance (id, session_id, student_id, date, present) values (gen_random_uuid(), '50a34b7e-407d-47ab-ba06-57ea11f8960a', '9816822c-5dd5-4b8a-acb5-d2c5a412631b', '2026-05-28', false) on conflict (session_id, student_id) do nothing;
insert into public.attendance (id, session_id, student_id, date, present) values (gen_random_uuid(), '918dc9f7-2c9c-444c-b81d-8a5fe465427c', '48d9e1d6-8164-43ee-bff6-9ca309eea473', '2026-05-20', true) on conflict (session_id, student_id) do nothing;
insert into public.attendance (id, session_id, student_id, date, present) values (gen_random_uuid(), 'c036f0e1-5b21-4434-8073-43cb86662908', '40cc83fe-ddac-4867-920e-a616ef2a6c49', '2026-05-07', true) on conflict (session_id, student_id) do nothing;
insert into public.attendance (id, session_id, student_id, date, present) values (gen_random_uuid(), 'f4af1947-d951-4f3a-93de-888e96c9e37a', '40cc83fe-ddac-4867-920e-a616ef2a6c49', '2026-05-19', true) on conflict (session_id, student_id) do nothing;
insert into public.attendance (id, session_id, student_id, date, present) values (gen_random_uuid(), 'e7e7652a-d2e5-4e87-b398-c7e2a0f4fe55', '9816822c-5dd5-4b8a-acb5-d2c5a412631b', '2026-05-21', true) on conflict (session_id, student_id) do nothing;
insert into public.attendance (id, session_id, student_id, date, present) values (gen_random_uuid(), '8271df1c-1b73-4412-af66-e8c0f9da9455', '857f1cb4-30d9-4a03-8479-8841882a29df', '2026-06-03', true) on conflict (session_id, student_id) do nothing;
insert into public.attendance (id, session_id, student_id, date, present) values (gen_random_uuid(), 'bcdd5f92-b6fb-4023-a59f-ad91cf2c91ae', 'f98be027-6691-47fa-bbdc-002ff353d838', '2026-05-11', true) on conflict (session_id, student_id) do nothing;
insert into public.attendance (id, session_id, student_id, date, present) values (gen_random_uuid(), 'e7e7652a-d2e5-4e87-b398-c7e2a0f4fe55', '2bf99992-94f9-48c2-953c-a8819e8a4342', '2026-05-21', true) on conflict (session_id, student_id) do nothing;
insert into public.attendance (id, session_id, student_id, date, present) values (gen_random_uuid(), 'bcdd5f92-b6fb-4023-a59f-ad91cf2c91ae', '857f1cb4-30d9-4a03-8479-8841882a29df', '2026-05-11', true) on conflict (session_id, student_id) do nothing;
insert into public.attendance (id, session_id, student_id, date, present) values (gen_random_uuid(), '9b5ec397-2b6b-4acc-9964-e6e391443cf4', 'dac49642-cbc2-4a77-b34f-65cfb031f83c', '2026-05-30', true) on conflict (session_id, student_id) do nothing;
insert into public.attendance (id, session_id, student_id, date, present) values (gen_random_uuid(), '27a7bb9a-4097-4b09-b504-cd3e9a0b06cf', '7b8243d5-8540-4b7f-bbef-9da4627d7794', '2026-05-09', true) on conflict (session_id, student_id) do nothing;
insert into public.attendance (id, session_id, student_id, date, present) values (gen_random_uuid(), 'e8bc72f0-d6eb-4814-98b2-06092a8ebb1c', '7b8243d5-8540-4b7f-bbef-9da4627d7794', '2026-05-14', true) on conflict (session_id, student_id) do nothing;
insert into public.attendance (id, session_id, student_id, date, present) values (gen_random_uuid(), 'a2b1c7cb-1bcc-4b66-ac63-70f9eb18a0f0', '9816822c-5dd5-4b8a-acb5-d2c5a412631b', '2026-05-26', true) on conflict (session_id, student_id) do nothing;
insert into public.attendance (id, session_id, student_id, date, present) values (gen_random_uuid(), '8271df1c-1b73-4412-af66-e8c0f9da9455', 'f1738a14-64fb-4843-81bf-5293154c91da', '2026-06-03', false) on conflict (session_id, student_id) do nothing;
insert into public.attendance (id, session_id, student_id, date, present) values (gen_random_uuid(), '27a7bb9a-4097-4b09-b504-cd3e9a0b06cf', 'fd985660-1303-4265-8814-8b9f3a287484', '2026-05-09', true) on conflict (session_id, student_id) do nothing;
insert into public.attendance (id, session_id, student_id, date, present) values (gen_random_uuid(), 'e84ecf86-222c-4e41-8d6a-8a10d96f749f', '5541d7cb-a327-4bc7-8408-010d069a9e8f', '2026-06-02', true) on conflict (session_id, student_id) do nothing;
insert into public.attendance (id, session_id, student_id, date, present) values (gen_random_uuid(), 'e7e7652a-d2e5-4e87-b398-c7e2a0f4fe55', '40cc83fe-ddac-4867-920e-a616ef2a6c49', '2026-05-21', true) on conflict (session_id, student_id) do nothing;
insert into public.attendance (id, session_id, student_id, date, present) values (gen_random_uuid(), '35ec4833-1010-4027-a9bc-3a4837cfcc75', 'fd985660-1303-4265-8814-8b9f3a287484', '2026-05-23', true) on conflict (session_id, student_id) do nothing;
insert into public.attendance (id, session_id, student_id, date, present) values (gen_random_uuid(), '17a0d9a5-6b70-4b62-a3dd-e98f8f98a589', '2bf99992-94f9-48c2-953c-a8819e8a4342', '2026-05-05', true) on conflict (session_id, student_id) do nothing;
insert into public.attendance (id, session_id, student_id, date, present) values (gen_random_uuid(), 'c036f0e1-5b21-4434-8073-43cb86662908', '94478a44-7c2f-4ee7-a827-fd3212fb47a0', '2026-05-07', true) on conflict (session_id, student_id) do nothing;
insert into public.attendance (id, session_id, student_id, date, present) values (gen_random_uuid(), 'f4af1947-d951-4f3a-93de-888e96c9e37a', 'f2afa4df-cd6d-430c-9fa8-95f5c7aa06a4', '2026-05-19', true) on conflict (session_id, student_id) do nothing;
insert into public.attendance (id, session_id, student_id, date, present) values (gen_random_uuid(), 'c036f0e1-5b21-4434-8073-43cb86662908', 'fd985660-1303-4265-8814-8b9f3a287484', '2026-05-07', true) on conflict (session_id, student_id) do nothing;
insert into public.attendance (id, session_id, student_id, date, present) values (gen_random_uuid(), '33666866-f022-412a-bfa3-9b73ada9d4d3', '00f66c77-d20a-4fff-af9e-1ecdc25ede01', '2026-05-15', true) on conflict (session_id, student_id) do nothing;
insert into public.attendance (id, session_id, student_id, date, present) values (gen_random_uuid(), 'e7e7652a-d2e5-4e87-b398-c7e2a0f4fe55', '94478a44-7c2f-4ee7-a827-fd3212fb47a0', '2026-05-21', true) on conflict (session_id, student_id) do nothing;
insert into public.attendance (id, session_id, student_id, date, present) values (gen_random_uuid(), '50a34b7e-407d-47ab-ba06-57ea11f8960a', 'dac49642-cbc2-4a77-b34f-65cfb031f83c', '2026-05-28', true) on conflict (session_id, student_id) do nothing;
insert into public.attendance (id, session_id, student_id, date, present) values (gen_random_uuid(), '0ff4cb28-2d8a-4b06-b7ae-8e8a905d9584', 'fd985660-1303-4265-8814-8b9f3a287484', '2026-05-12', true) on conflict (session_id, student_id) do nothing;
insert into public.attendance (id, session_id, student_id, date, present) values (gen_random_uuid(), 'e903cb8a-3e31-4a76-9345-67748aaa4d47', 'f98be027-6691-47fa-bbdc-002ff353d838', '2026-05-29', true) on conflict (session_id, student_id) do nothing;
insert into public.attendance (id, session_id, student_id, date, present) values (gen_random_uuid(), '47e9df33-1703-4f81-9874-c55456d6adef', '00f66c77-d20a-4fff-af9e-1ecdc25ede01', '2026-06-01', true) on conflict (session_id, student_id) do nothing;
insert into public.attendance (id, session_id, student_id, date, present) values (gen_random_uuid(), 'af7654b6-e39a-43f4-9682-ac48c9d87601', 'f98be027-6691-47fa-bbdc-002ff353d838', '2026-05-27', true) on conflict (session_id, student_id) do nothing;
insert into public.attendance (id, session_id, student_id, date, present) values (gen_random_uuid(), '33666866-f022-412a-bfa3-9b73ada9d4d3', '5ac04cc9-1653-4dec-8bf7-659ff5def994', '2026-05-15', true) on conflict (session_id, student_id) do nothing;
insert into public.attendance (id, session_id, student_id, date, present) values (gen_random_uuid(), '6e08b5e6-80a1-4898-afa8-8d39152f6f2e', '6ede50ba-b02a-494b-9826-c8e850e45548', '2026-05-22', true) on conflict (session_id, student_id) do nothing;
insert into public.attendance (id, session_id, student_id, date, present) values (gen_random_uuid(), 'e8bc72f0-d6eb-4814-98b2-06092a8ebb1c', '5541d7cb-a327-4bc7-8408-010d069a9e8f', '2026-05-14', true) on conflict (session_id, student_id) do nothing;
insert into public.attendance (id, session_id, student_id, date, present) values (gen_random_uuid(), 'e8bc72f0-d6eb-4814-98b2-06092a8ebb1c', '94478a44-7c2f-4ee7-a827-fd3212fb47a0', '2026-05-14', true) on conflict (session_id, student_id) do nothing;
insert into public.attendance (id, session_id, student_id, date, present) values (gen_random_uuid(), '17a0d9a5-6b70-4b62-a3dd-e98f8f98a589', '7b8243d5-8540-4b7f-bbef-9da4627d7794', '2026-05-05', true) on conflict (session_id, student_id) do nothing;
insert into public.attendance (id, session_id, student_id, date, present) values (gen_random_uuid(), 'a2b1c7cb-1bcc-4b66-ac63-70f9eb18a0f0', '40cc83fe-ddac-4867-920e-a616ef2a6c49', '2026-05-26', true) on conflict (session_id, student_id) do nothing;
insert into public.attendance (id, session_id, student_id, date, present) values (gen_random_uuid(), 'e84ecf86-222c-4e41-8d6a-8a10d96f749f', 'f2afa4df-cd6d-430c-9fa8-95f5c7aa06a4', '2026-06-02', false) on conflict (session_id, student_id) do nothing;
insert into public.attendance (id, session_id, student_id, date, present) values (gen_random_uuid(), '27a7bb9a-4097-4b09-b504-cd3e9a0b06cf', '2bf99992-94f9-48c2-953c-a8819e8a4342', '2026-05-09', true) on conflict (session_id, student_id) do nothing;
insert into public.attendance (id, session_id, student_id, date, present) values (gen_random_uuid(), '918dc9f7-2c9c-444c-b81d-8a5fe465427c', '857f1cb4-30d9-4a03-8479-8841882a29df', '2026-05-20', true) on conflict (session_id, student_id) do nothing;
insert into public.attendance (id, session_id, student_id, date, present) values (gen_random_uuid(), '33666866-f022-412a-bfa3-9b73ada9d4d3', '5b87d0c7-1ee7-4f62-b847-d463d09d4c60', '2026-05-15', true) on conflict (session_id, student_id) do nothing;
insert into public.attendance (id, session_id, student_id, date, present) values (gen_random_uuid(), '8271df1c-1b73-4412-af66-e8c0f9da9455', '5b87d0c7-1ee7-4f62-b847-d463d09d4c60', '2026-06-03', true) on conflict (session_id, student_id) do nothing;
insert into public.attendance (id, session_id, student_id, date, present) values (gen_random_uuid(), '33666866-f022-412a-bfa3-9b73ada9d4d3', 'f1738a14-64fb-4843-81bf-5293154c91da', '2026-05-15', true) on conflict (session_id, student_id) do nothing;
insert into public.attendance (id, session_id, student_id, date, present) values (gen_random_uuid(), '0ff4cb28-2d8a-4b06-b7ae-8e8a905d9584', 'dac49642-cbc2-4a77-b34f-65cfb031f83c', '2026-05-12', true) on conflict (session_id, student_id) do nothing;
insert into public.attendance (id, session_id, student_id, date, present) values (gen_random_uuid(), 'f4af1947-d951-4f3a-93de-888e96c9e37a', '7b8243d5-8540-4b7f-bbef-9da4627d7794', '2026-05-19', true) on conflict (session_id, student_id) do nothing;
insert into public.attendance (id, session_id, student_id, date, present) values (gen_random_uuid(), 'e8bc72f0-d6eb-4814-98b2-06092a8ebb1c', '40cc83fe-ddac-4867-920e-a616ef2a6c49', '2026-05-14', false) on conflict (session_id, student_id) do nothing;
insert into public.attendance (id, session_id, student_id, date, present) values (gen_random_uuid(), '844a9d50-893e-4690-92f6-c7a7ff6403ab', '6ede50ba-b02a-494b-9826-c8e850e45548', '2026-05-18', true) on conflict (session_id, student_id) do nothing;
insert into public.attendance (id, session_id, student_id, date, present) values (gen_random_uuid(), '50a34b7e-407d-47ab-ba06-57ea11f8960a', '2bf99992-94f9-48c2-953c-a8819e8a4342', '2026-05-28', true) on conflict (session_id, student_id) do nothing;
insert into public.attendance (id, session_id, student_id, date, present) values (gen_random_uuid(), 'e7e7652a-d2e5-4e87-b398-c7e2a0f4fe55', '7b8243d5-8540-4b7f-bbef-9da4627d7794', '2026-05-21', true) on conflict (session_id, student_id) do nothing;
insert into public.attendance (id, session_id, student_id, date, present) values (gen_random_uuid(), '35ec4833-1010-4027-a9bc-3a4837cfcc75', '7b8243d5-8540-4b7f-bbef-9da4627d7794', '2026-05-23', false) on conflict (session_id, student_id) do nothing;
insert into public.attendance (id, session_id, student_id, date, present) values (gen_random_uuid(), '33666866-f022-412a-bfa3-9b73ada9d4d3', '857f1cb4-30d9-4a03-8479-8841882a29df', '2026-05-15', true) on conflict (session_id, student_id) do nothing;
insert into public.attendance (id, session_id, student_id, date, present) values (gen_random_uuid(), '0ff4cb28-2d8a-4b06-b7ae-8e8a905d9584', '94478a44-7c2f-4ee7-a827-fd3212fb47a0', '2026-05-12', true) on conflict (session_id, student_id) do nothing;
insert into public.attendance (id, session_id, student_id, date, present) values (gen_random_uuid(), 'e8bc72f0-d6eb-4814-98b2-06092a8ebb1c', '2bf99992-94f9-48c2-953c-a8819e8a4342', '2026-05-14', true) on conflict (session_id, student_id) do nothing;
insert into public.attendance (id, session_id, student_id, date, present) values (gen_random_uuid(), '27a7bb9a-4097-4b09-b504-cd3e9a0b06cf', '94478a44-7c2f-4ee7-a827-fd3212fb47a0', '2026-05-09', false) on conflict (session_id, student_id) do nothing;
insert into public.attendance (id, session_id, student_id, date, present) values (gen_random_uuid(), '8271df1c-1b73-4412-af66-e8c0f9da9455', 'f98be027-6691-47fa-bbdc-002ff353d838', '2026-06-03', false) on conflict (session_id, student_id) do nothing;
insert into public.attendance (id, session_id, student_id, date, present) values (gen_random_uuid(), 'c036f0e1-5b21-4434-8073-43cb86662908', '7b8243d5-8540-4b7f-bbef-9da4627d7794', '2026-05-07', true) on conflict (session_id, student_id) do nothing;
insert into public.attendance (id, session_id, student_id, date, present) values (gen_random_uuid(), 'af7654b6-e39a-43f4-9682-ac48c9d87601', '6ede50ba-b02a-494b-9826-c8e850e45548', '2026-05-27', true) on conflict (session_id, student_id) do nothing;
insert into public.attendance (id, session_id, student_id, date, present) values (gen_random_uuid(), '5fe1c873-dc0d-447b-9d45-f8c58b46624f', '00f66c77-d20a-4fff-af9e-1ecdc25ede01', '2026-05-25', true) on conflict (session_id, student_id) do nothing;
insert into public.attendance (id, session_id, student_id, date, present) values (gen_random_uuid(), 'e84ecf86-222c-4e41-8d6a-8a10d96f749f', 'dac49642-cbc2-4a77-b34f-65cfb031f83c', '2026-06-02', true) on conflict (session_id, student_id) do nothing;
insert into public.attendance (id, session_id, student_id, date, present) values (gen_random_uuid(), '47e9df33-1703-4f81-9874-c55456d6adef', 'f1738a14-64fb-4843-81bf-5293154c91da', '2026-06-01', true) on conflict (session_id, student_id) do nothing;
insert into public.attendance (id, session_id, student_id, date, present) values (gen_random_uuid(), '35ec4833-1010-4027-a9bc-3a4837cfcc75', '40cc83fe-ddac-4867-920e-a616ef2a6c49', '2026-05-23', true) on conflict (session_id, student_id) do nothing;
insert into public.attendance (id, session_id, student_id, date, present) values (gen_random_uuid(), '47e9df33-1703-4f81-9874-c55456d6adef', 'f98be027-6691-47fa-bbdc-002ff353d838', '2026-06-01', true) on conflict (session_id, student_id) do nothing;
insert into public.attendance (id, session_id, student_id, date, present) values (gen_random_uuid(), '5fe1c873-dc0d-447b-9d45-f8c58b46624f', 'f1738a14-64fb-4843-81bf-5293154c91da', '2026-05-25', true) on conflict (session_id, student_id) do nothing;
insert into public.attendance (id, session_id, student_id, date, present) values (gen_random_uuid(), '50a34b7e-407d-47ab-ba06-57ea11f8960a', '94478a44-7c2f-4ee7-a827-fd3212fb47a0', '2026-05-28', true) on conflict (session_id, student_id) do nothing;
insert into public.attendance (id, session_id, student_id, date, present) values (gen_random_uuid(), '9b5ec397-2b6b-4acc-9964-e6e391443cf4', '5541d7cb-a327-4bc7-8408-010d069a9e8f', '2026-05-30', false) on conflict (session_id, student_id) do nothing;
insert into public.attendance (id, session_id, student_id, date, present) values (gen_random_uuid(), 'e8bc72f0-d6eb-4814-98b2-06092a8ebb1c', '9816822c-5dd5-4b8a-acb5-d2c5a412631b', '2026-05-14', true) on conflict (session_id, student_id) do nothing;
insert into public.attendance (id, session_id, student_id, date, present) values (gen_random_uuid(), '0ff4cb28-2d8a-4b06-b7ae-8e8a905d9584', '2bf99992-94f9-48c2-953c-a8819e8a4342', '2026-05-12', true) on conflict (session_id, student_id) do nothing;
insert into public.attendance (id, session_id, student_id, date, present) values (gen_random_uuid(), 'e8bc72f0-d6eb-4814-98b2-06092a8ebb1c', 'f2afa4df-cd6d-430c-9fa8-95f5c7aa06a4', '2026-05-14', true) on conflict (session_id, student_id) do nothing;
insert into public.attendance (id, session_id, student_id, date, present) values (gen_random_uuid(), '27a7bb9a-4097-4b09-b504-cd3e9a0b06cf', 'f2afa4df-cd6d-430c-9fa8-95f5c7aa06a4', '2026-05-09', false) on conflict (session_id, student_id) do nothing;
insert into public.attendance (id, session_id, student_id, date, present) values (gen_random_uuid(), 'f4af1947-d951-4f3a-93de-888e96c9e37a', '94478a44-7c2f-4ee7-a827-fd3212fb47a0', '2026-05-19', true) on conflict (session_id, student_id) do nothing;
insert into public.attendance (id, session_id, student_id, date, present) values (gen_random_uuid(), '47e9df33-1703-4f81-9874-c55456d6adef', '857f1cb4-30d9-4a03-8479-8841882a29df', '2026-06-01', true) on conflict (session_id, student_id) do nothing;
insert into public.attendance (id, session_id, student_id, date, present) values (gen_random_uuid(), '0ff4cb28-2d8a-4b06-b7ae-8e8a905d9584', '40cc83fe-ddac-4867-920e-a616ef2a6c49', '2026-05-12', true) on conflict (session_id, student_id) do nothing;
insert into public.attendance (id, session_id, student_id, date, present) values (gen_random_uuid(), '0ff4cb28-2d8a-4b06-b7ae-8e8a905d9584', '7b8243d5-8540-4b7f-bbef-9da4627d7794', '2026-05-12', true) on conflict (session_id, student_id) do nothing;
insert into public.attendance (id, session_id, student_id, date, present) values (gen_random_uuid(), '47e9df33-1703-4f81-9874-c55456d6adef', '5ac04cc9-1653-4dec-8bf7-659ff5def994', '2026-06-01', false) on conflict (session_id, student_id) do nothing;
insert into public.attendance (id, session_id, student_id, date, present) values (gen_random_uuid(), '844a9d50-893e-4690-92f6-c7a7ff6403ab', '5b87d0c7-1ee7-4f62-b847-d463d09d4c60', '2026-05-18', true) on conflict (session_id, student_id) do nothing;
insert into public.attendance (id, session_id, student_id, date, present) values (gen_random_uuid(), '844a9d50-893e-4690-92f6-c7a7ff6403ab', '5ac04cc9-1653-4dec-8bf7-659ff5def994', '2026-05-18', true) on conflict (session_id, student_id) do nothing;
insert into public.attendance (id, session_id, student_id, date, present) values (gen_random_uuid(), 'af7654b6-e39a-43f4-9682-ac48c9d87601', 'f1738a14-64fb-4843-81bf-5293154c91da', '2026-05-27', true) on conflict (session_id, student_id) do nothing;
insert into public.attendance (id, session_id, student_id, date, present) values (gen_random_uuid(), 'af7654b6-e39a-43f4-9682-ac48c9d87601', '5ac04cc9-1653-4dec-8bf7-659ff5def994', '2026-05-27', true) on conflict (session_id, student_id) do nothing;
insert into public.attendance (id, session_id, student_id, date, present) values (gen_random_uuid(), 'e7e7652a-d2e5-4e87-b398-c7e2a0f4fe55', 'f2afa4df-cd6d-430c-9fa8-95f5c7aa06a4', '2026-05-21', true) on conflict (session_id, student_id) do nothing;
insert into public.attendance (id, session_id, student_id, date, present) values (gen_random_uuid(), '9b5ec397-2b6b-4acc-9964-e6e391443cf4', 'f2afa4df-cd6d-430c-9fa8-95f5c7aa06a4', '2026-05-30', false) on conflict (session_id, student_id) do nothing;
insert into public.attendance (id, session_id, student_id, date, present) values (gen_random_uuid(), 'a2b1c7cb-1bcc-4b66-ac63-70f9eb18a0f0', '5541d7cb-a327-4bc7-8408-010d069a9e8f', '2026-05-26', true) on conflict (session_id, student_id) do nothing;
insert into public.attendance (id, session_id, student_id, date, present) values (gen_random_uuid(), 'e84ecf86-222c-4e41-8d6a-8a10d96f749f', 'fd985660-1303-4265-8814-8b9f3a287484', '2026-06-02', true) on conflict (session_id, student_id) do nothing;
insert into public.attendance (id, session_id, student_id, date, present) values (gen_random_uuid(), '5fe1c873-dc0d-447b-9d45-f8c58b46624f', '48d9e1d6-8164-43ee-bff6-9ca309eea473', '2026-05-25', true) on conflict (session_id, student_id) do nothing;
insert into public.attendance (id, session_id, student_id, date, present) values (gen_random_uuid(), 'f21dd684-0295-4224-823d-8fc7ff81be27', '17b57c44-e7ba-4bc4-92d7-746f36f35597', '2026-05-13', true) on conflict (session_id, student_id) do nothing;
insert into public.attendance (id, session_id, student_id, date, present) values (gen_random_uuid(), '918dc9f7-2c9c-444c-b81d-8a5fe465427c', 'f98be027-6691-47fa-bbdc-002ff353d838', '2026-05-20', true) on conflict (session_id, student_id) do nothing;
insert into public.attendance (id, session_id, student_id, date, present) values (gen_random_uuid(), '50a34b7e-407d-47ab-ba06-57ea11f8960a', '5541d7cb-a327-4bc7-8408-010d069a9e8f', '2026-05-28', true) on conflict (session_id, student_id) do nothing;
insert into public.attendance (id, session_id, student_id, date, present) values (gen_random_uuid(), '9b5ec397-2b6b-4acc-9964-e6e391443cf4', '94478a44-7c2f-4ee7-a827-fd3212fb47a0', '2026-05-30', true) on conflict (session_id, student_id) do nothing;
insert into public.attendance (id, session_id, student_id, date, present) values (gen_random_uuid(), '918dc9f7-2c9c-444c-b81d-8a5fe465427c', '00f66c77-d20a-4fff-af9e-1ecdc25ede01', '2026-05-20', true) on conflict (session_id, student_id) do nothing;
insert into public.attendance (id, session_id, student_id, date, present) values (gen_random_uuid(), 'e84ecf86-222c-4e41-8d6a-8a10d96f749f', '9816822c-5dd5-4b8a-acb5-d2c5a412631b', '2026-06-02', true) on conflict (session_id, student_id) do nothing;
insert into public.attendance (id, session_id, student_id, date, present) values (gen_random_uuid(), 'c036f0e1-5b21-4434-8073-43cb86662908', 'f2afa4df-cd6d-430c-9fa8-95f5c7aa06a4', '2026-05-07', false) on conflict (session_id, student_id) do nothing;
insert into public.attendance (id, session_id, student_id, date, present) values (gen_random_uuid(), 'fa885507-4fc9-4c9b-bd14-e9238a707025', '40cc83fe-ddac-4867-920e-a616ef2a6c49', '2026-05-16', true) on conflict (session_id, student_id) do nothing;
insert into public.attendance (id, session_id, student_id, date, present) values (gen_random_uuid(), '844a9d50-893e-4690-92f6-c7a7ff6403ab', '00f66c77-d20a-4fff-af9e-1ecdc25ede01', '2026-05-18', true) on conflict (session_id, student_id) do nothing;
insert into public.attendance (id, session_id, student_id, date, present) values (gen_random_uuid(), '6e08b5e6-80a1-4898-afa8-8d39152f6f2e', 'f1738a14-64fb-4843-81bf-5293154c91da', '2026-05-22', true) on conflict (session_id, student_id) do nothing;
insert into public.attendance (id, session_id, student_id, date, present) values (gen_random_uuid(), '17a0d9a5-6b70-4b62-a3dd-e98f8f98a589', 'f2afa4df-cd6d-430c-9fa8-95f5c7aa06a4', '2026-05-05', true) on conflict (session_id, student_id) do nothing;
insert into public.attendance (id, session_id, student_id, date, present) values (gen_random_uuid(), 'bcdd5f92-b6fb-4023-a59f-ad91cf2c91ae', '48d9e1d6-8164-43ee-bff6-9ca309eea473', '2026-05-11', true) on conflict (session_id, student_id) do nothing;
insert into public.attendance (id, session_id, student_id, date, present) values (gen_random_uuid(), '33666866-f022-412a-bfa3-9b73ada9d4d3', '17b57c44-e7ba-4bc4-92d7-746f36f35597', '2026-05-15', true) on conflict (session_id, student_id) do nothing;
insert into public.attendance (id, session_id, student_id, date, present) values (gen_random_uuid(), '9b5ec397-2b6b-4acc-9964-e6e391443cf4', '7b8243d5-8540-4b7f-bbef-9da4627d7794', '2026-05-30', true) on conflict (session_id, student_id) do nothing;
insert into public.attendance (id, session_id, student_id, date, present) values (gen_random_uuid(), 'af7654b6-e39a-43f4-9682-ac48c9d87601', '17b57c44-e7ba-4bc4-92d7-746f36f35597', '2026-05-27', true) on conflict (session_id, student_id) do nothing;
insert into public.attendance (id, session_id, student_id, date, present) values (gen_random_uuid(), '5fe1c873-dc0d-447b-9d45-f8c58b46624f', '5b87d0c7-1ee7-4f62-b847-d463d09d4c60', '2026-05-25', true) on conflict (session_id, student_id) do nothing;
insert into public.attendance (id, session_id, student_id, date, present) values (gen_random_uuid(), 'e8bc72f0-d6eb-4814-98b2-06092a8ebb1c', 'fd985660-1303-4265-8814-8b9f3a287484', '2026-05-14', true) on conflict (session_id, student_id) do nothing;
insert into public.attendance (id, session_id, student_id, date, present) values (gen_random_uuid(), 'a2b1c7cb-1bcc-4b66-ac63-70f9eb18a0f0', 'f2afa4df-cd6d-430c-9fa8-95f5c7aa06a4', '2026-05-26', true) on conflict (session_id, student_id) do nothing;
insert into public.attendance (id, session_id, student_id, date, present) values (gen_random_uuid(), 'e903cb8a-3e31-4a76-9345-67748aaa4d47', '6ede50ba-b02a-494b-9826-c8e850e45548', '2026-05-29', true) on conflict (session_id, student_id) do nothing;
insert into public.attendance (id, session_id, student_id, date, present) values (gen_random_uuid(), '0ff4cb28-2d8a-4b06-b7ae-8e8a905d9584', '9816822c-5dd5-4b8a-acb5-d2c5a412631b', '2026-05-12', true) on conflict (session_id, student_id) do nothing;
insert into public.attendance (id, session_id, student_id, date, present) values (gen_random_uuid(), 'bcdd5f92-b6fb-4023-a59f-ad91cf2c91ae', '5ac04cc9-1653-4dec-8bf7-659ff5def994', '2026-05-11', true) on conflict (session_id, student_id) do nothing;
insert into public.attendance (id, session_id, student_id, date, present) values (gen_random_uuid(), 'f4af1947-d951-4f3a-93de-888e96c9e37a', '9816822c-5dd5-4b8a-acb5-d2c5a412631b', '2026-05-19', true) on conflict (session_id, student_id) do nothing;
insert into public.attendance (id, session_id, student_id, date, present) values (gen_random_uuid(), '0ff4cb28-2d8a-4b06-b7ae-8e8a905d9584', 'f2afa4df-cd6d-430c-9fa8-95f5c7aa06a4', '2026-05-12', true) on conflict (session_id, student_id) do nothing;
insert into public.attendance (id, session_id, student_id, date, present) values (gen_random_uuid(), 'e903cb8a-3e31-4a76-9345-67748aaa4d47', '48d9e1d6-8164-43ee-bff6-9ca309eea473', '2026-05-29', true) on conflict (session_id, student_id) do nothing;
insert into public.attendance (id, session_id, student_id, date, present) values (gen_random_uuid(), '35ec4833-1010-4027-a9bc-3a4837cfcc75', 'dac49642-cbc2-4a77-b34f-65cfb031f83c', '2026-05-23', true) on conflict (session_id, student_id) do nothing;
insert into public.attendance (id, session_id, student_id, date, present) values (gen_random_uuid(), '17a0d9a5-6b70-4b62-a3dd-e98f8f98a589', '40cc83fe-ddac-4867-920e-a616ef2a6c49', '2026-05-05', true) on conflict (session_id, student_id) do nothing;
insert into public.attendance (id, session_id, student_id, date, present) values (gen_random_uuid(), '6e08b5e6-80a1-4898-afa8-8d39152f6f2e', '5b87d0c7-1ee7-4f62-b847-d463d09d4c60', '2026-05-22', false) on conflict (session_id, student_id) do nothing;
insert into public.attendance (id, session_id, student_id, date, present) values (gen_random_uuid(), '6e08b5e6-80a1-4898-afa8-8d39152f6f2e', '5ac04cc9-1653-4dec-8bf7-659ff5def994', '2026-05-22', true) on conflict (session_id, student_id) do nothing;
insert into public.attendance (id, session_id, student_id, date, present) values (gen_random_uuid(), '0ff4cb28-2d8a-4b06-b7ae-8e8a905d9584', '5541d7cb-a327-4bc7-8408-010d069a9e8f', '2026-05-12', true) on conflict (session_id, student_id) do nothing;
insert into public.attendance (id, session_id, student_id, date, present) values (gen_random_uuid(), '5fe1c873-dc0d-447b-9d45-f8c58b46624f', '17b57c44-e7ba-4bc4-92d7-746f36f35597', '2026-05-25', true) on conflict (session_id, student_id) do nothing;
insert into public.attendance (id, session_id, student_id, date, present) values (gen_random_uuid(), '50a34b7e-407d-47ab-ba06-57ea11f8960a', '7b8243d5-8540-4b7f-bbef-9da4627d7794', '2026-05-28', true) on conflict (session_id, student_id) do nothing;
insert into public.attendance (id, session_id, student_id, date, present) values (gen_random_uuid(), '47e9df33-1703-4f81-9874-c55456d6adef', '6ede50ba-b02a-494b-9826-c8e850e45548', '2026-06-01', true) on conflict (session_id, student_id) do nothing;
insert into public.attendance (id, session_id, student_id, date, present) values (gen_random_uuid(), '6e08b5e6-80a1-4898-afa8-8d39152f6f2e', 'f98be027-6691-47fa-bbdc-002ff353d838', '2026-05-22', true) on conflict (session_id, student_id) do nothing;
insert into public.attendance (id, session_id, student_id, date, present) values (gen_random_uuid(), '844a9d50-893e-4690-92f6-c7a7ff6403ab', '857f1cb4-30d9-4a03-8479-8841882a29df', '2026-05-18', true) on conflict (session_id, student_id) do nothing;
insert into public.attendance (id, session_id, student_id, date, present) values (gen_random_uuid(), 'f4af1947-d951-4f3a-93de-888e96c9e37a', '2bf99992-94f9-48c2-953c-a8819e8a4342', '2026-05-19', false) on conflict (session_id, student_id) do nothing;
insert into public.attendance (id, session_id, student_id, date, present) values (gen_random_uuid(), '50a34b7e-407d-47ab-ba06-57ea11f8960a', '40cc83fe-ddac-4867-920e-a616ef2a6c49', '2026-05-28', true) on conflict (session_id, student_id) do nothing;
insert into public.attendance (id, session_id, student_id, date, present) values (gen_random_uuid(), 'e903cb8a-3e31-4a76-9345-67748aaa4d47', 'f1738a14-64fb-4843-81bf-5293154c91da', '2026-05-29', true) on conflict (session_id, student_id) do nothing;
insert into public.attendance (id, session_id, student_id, date, present) values (gen_random_uuid(), '9b5ec397-2b6b-4acc-9964-e6e391443cf4', '40cc83fe-ddac-4867-920e-a616ef2a6c49', '2026-05-30', true) on conflict (session_id, student_id) do nothing;
insert into public.attendance (id, session_id, student_id, date, present) values (gen_random_uuid(), 'c036f0e1-5b21-4434-8073-43cb86662908', 'dac49642-cbc2-4a77-b34f-65cfb031f83c', '2026-05-07', true) on conflict (session_id, student_id) do nothing;
insert into public.attendance (id, session_id, student_id, date, present) values (gen_random_uuid(), 'e903cb8a-3e31-4a76-9345-67748aaa4d47', '5ac04cc9-1653-4dec-8bf7-659ff5def994', '2026-05-29', true) on conflict (session_id, student_id) do nothing;
insert into public.attendance (id, session_id, student_id, date, present) values (gen_random_uuid(), '5fe1c873-dc0d-447b-9d45-f8c58b46624f', 'f98be027-6691-47fa-bbdc-002ff353d838', '2026-05-25', true) on conflict (session_id, student_id) do nothing;
insert into public.attendance (id, session_id, student_id, date, present) values (gen_random_uuid(), 'f21dd684-0295-4224-823d-8fc7ff81be27', 'f1738a14-64fb-4843-81bf-5293154c91da', '2026-05-13', true) on conflict (session_id, student_id) do nothing;
insert into public.attendance (id, session_id, student_id, date, present) values (gen_random_uuid(), 'e7e7652a-d2e5-4e87-b398-c7e2a0f4fe55', '5541d7cb-a327-4bc7-8408-010d069a9e8f', '2026-05-21', true) on conflict (session_id, student_id) do nothing;
insert into public.attendance (id, session_id, student_id, date, present) values (gen_random_uuid(), '844a9d50-893e-4690-92f6-c7a7ff6403ab', '48d9e1d6-8164-43ee-bff6-9ca309eea473', '2026-05-18', true) on conflict (session_id, student_id) do nothing;
insert into public.attendance (id, session_id, student_id, date, present) values (gen_random_uuid(), '35ec4833-1010-4027-a9bc-3a4837cfcc75', '94478a44-7c2f-4ee7-a827-fd3212fb47a0', '2026-05-23', true) on conflict (session_id, student_id) do nothing;
insert into public.attendance (id, session_id, student_id, date, present) values (gen_random_uuid(), 'e903cb8a-3e31-4a76-9345-67748aaa4d47', '00f66c77-d20a-4fff-af9e-1ecdc25ede01', '2026-05-29', true) on conflict (session_id, student_id) do nothing;
insert into public.attendance (id, session_id, student_id, date, present) values (gen_random_uuid(), 'bcdd5f92-b6fb-4023-a59f-ad91cf2c91ae', '17b57c44-e7ba-4bc4-92d7-746f36f35597', '2026-05-11', true) on conflict (session_id, student_id) do nothing;
insert into public.attendance (id, session_id, student_id, date, present) values (gen_random_uuid(), 'f4af1947-d951-4f3a-93de-888e96c9e37a', '5541d7cb-a327-4bc7-8408-010d069a9e8f', '2026-05-19', true) on conflict (session_id, student_id) do nothing;
insert into public.attendance (id, session_id, student_id, date, present) values (gen_random_uuid(), 'fa885507-4fc9-4c9b-bd14-e9238a707025', 'f2afa4df-cd6d-430c-9fa8-95f5c7aa06a4', '2026-05-16', false) on conflict (session_id, student_id) do nothing;
insert into public.attendance (id, session_id, student_id, date, present) values (gen_random_uuid(), '8271df1c-1b73-4412-af66-e8c0f9da9455', '48d9e1d6-8164-43ee-bff6-9ca309eea473', '2026-06-03', true) on conflict (session_id, student_id) do nothing;
insert into public.attendance (id, session_id, student_id, date, present) values (gen_random_uuid(), '50a34b7e-407d-47ab-ba06-57ea11f8960a', 'f2afa4df-cd6d-430c-9fa8-95f5c7aa06a4', '2026-05-28', true) on conflict (session_id, student_id) do nothing;
insert into public.attendance (id, session_id, student_id, date, present) values (gen_random_uuid(), 'af7654b6-e39a-43f4-9682-ac48c9d87601', '48d9e1d6-8164-43ee-bff6-9ca309eea473', '2026-05-27', true) on conflict (session_id, student_id) do nothing;
insert into public.attendance (id, session_id, student_id, date, present) values (gen_random_uuid(), '844a9d50-893e-4690-92f6-c7a7ff6403ab', 'f98be027-6691-47fa-bbdc-002ff353d838', '2026-05-18', true) on conflict (session_id, student_id) do nothing;
insert into public.attendance (id, session_id, student_id, date, present) values (gen_random_uuid(), 'fa885507-4fc9-4c9b-bd14-e9238a707025', '7b8243d5-8540-4b7f-bbef-9da4627d7794', '2026-05-16', true) on conflict (session_id, student_id) do nothing;
insert into public.attendance (id, session_id, student_id, date, present) values (gen_random_uuid(), '27a7bb9a-4097-4b09-b504-cd3e9a0b06cf', '40cc83fe-ddac-4867-920e-a616ef2a6c49', '2026-05-09', true) on conflict (session_id, student_id) do nothing;
insert into public.attendance (id, session_id, student_id, date, present) values (gen_random_uuid(), '47e9df33-1703-4f81-9874-c55456d6adef', '17b57c44-e7ba-4bc4-92d7-746f36f35597', '2026-06-01', true) on conflict (session_id, student_id) do nothing;
insert into public.attendance (id, session_id, student_id, date, present) values (gen_random_uuid(), '35ec4833-1010-4027-a9bc-3a4837cfcc75', 'f2afa4df-cd6d-430c-9fa8-95f5c7aa06a4', '2026-05-23', false) on conflict (session_id, student_id) do nothing;
insert into public.attendance (id, session_id, student_id, date, present) values (gen_random_uuid(), '17a0d9a5-6b70-4b62-a3dd-e98f8f98a589', '9816822c-5dd5-4b8a-acb5-d2c5a412631b', '2026-05-05', true) on conflict (session_id, student_id) do nothing;
insert into public.attendance (id, session_id, student_id, date, present) values (gen_random_uuid(), '5fe1c873-dc0d-447b-9d45-f8c58b46624f', '857f1cb4-30d9-4a03-8479-8841882a29df', '2026-05-25', true) on conflict (session_id, student_id) do nothing;
insert into public.attendance (id, session_id, student_id, date, present) values (gen_random_uuid(), '35ec4833-1010-4027-a9bc-3a4837cfcc75', '2bf99992-94f9-48c2-953c-a8819e8a4342', '2026-05-23', true) on conflict (session_id, student_id) do nothing;
insert into public.attendance (id, session_id, student_id, date, present) values (gen_random_uuid(), 'fa885507-4fc9-4c9b-bd14-e9238a707025', '2bf99992-94f9-48c2-953c-a8819e8a4342', '2026-05-16', false) on conflict (session_id, student_id) do nothing;
insert into public.attendance (id, session_id, student_id, date, present) values (gen_random_uuid(), '47e9df33-1703-4f81-9874-c55456d6adef', '48d9e1d6-8164-43ee-bff6-9ca309eea473', '2026-06-01', true) on conflict (session_id, student_id) do nothing;
insert into public.attendance (id, session_id, student_id, date, present) values (gen_random_uuid(), '17a0d9a5-6b70-4b62-a3dd-e98f8f98a589', 'dac49642-cbc2-4a77-b34f-65cfb031f83c', '2026-05-05', true) on conflict (session_id, student_id) do nothing;
insert into public.attendance (id, session_id, student_id, date, present) values (gen_random_uuid(), '5fe1c873-dc0d-447b-9d45-f8c58b46624f', '5ac04cc9-1653-4dec-8bf7-659ff5def994', '2026-05-25', true) on conflict (session_id, student_id) do nothing;
insert into public.attendance (id, session_id, student_id, date, present) values (gen_random_uuid(), '27a7bb9a-4097-4b09-b504-cd3e9a0b06cf', 'dac49642-cbc2-4a77-b34f-65cfb031f83c', '2026-05-09', true) on conflict (session_id, student_id) do nothing;
insert into public.attendance (id, session_id, student_id, date, present) values (gen_random_uuid(), 'a2b1c7cb-1bcc-4b66-ac63-70f9eb18a0f0', 'dac49642-cbc2-4a77-b34f-65cfb031f83c', '2026-05-26', false) on conflict (session_id, student_id) do nothing;
insert into public.attendance (id, session_id, student_id, date, present) values (gen_random_uuid(), 'fa885507-4fc9-4c9b-bd14-e9238a707025', '5541d7cb-a327-4bc7-8408-010d069a9e8f', '2026-05-16', false) on conflict (session_id, student_id) do nothing;
insert into public.attendance (id, session_id, student_id, date, present) values (gen_random_uuid(), '17a0d9a5-6b70-4b62-a3dd-e98f8f98a589', '5541d7cb-a327-4bc7-8408-010d069a9e8f', '2026-05-05', true) on conflict (session_id, student_id) do nothing;
insert into public.attendance (id, session_id, student_id, date, present) values (gen_random_uuid(), 'fa885507-4fc9-4c9b-bd14-e9238a707025', '9816822c-5dd5-4b8a-acb5-d2c5a412631b', '2026-05-16', true) on conflict (session_id, student_id) do nothing;
insert into public.attendance (id, session_id, student_id, date, present) values (gen_random_uuid(), 'c036f0e1-5b21-4434-8073-43cb86662908', '9816822c-5dd5-4b8a-acb5-d2c5a412631b', '2026-05-07', true) on conflict (session_id, student_id) do nothing;
insert into public.attendance (id, session_id, student_id, date, present) values (gen_random_uuid(), 'f21dd684-0295-4224-823d-8fc7ff81be27', '48d9e1d6-8164-43ee-bff6-9ca309eea473', '2026-05-13', true) on conflict (session_id, student_id) do nothing;
insert into public.attendance (id, session_id, student_id, date, present) values (gen_random_uuid(), '17a0d9a5-6b70-4b62-a3dd-e98f8f98a589', '94478a44-7c2f-4ee7-a827-fd3212fb47a0', '2026-05-05', true) on conflict (session_id, student_id) do nothing;
insert into public.attendance (id, session_id, student_id, date, present) values (gen_random_uuid(), 'e84ecf86-222c-4e41-8d6a-8a10d96f749f', '94478a44-7c2f-4ee7-a827-fd3212fb47a0', '2026-06-02', true) on conflict (session_id, student_id) do nothing;
insert into public.attendance (id, session_id, student_id, date, present) values (gen_random_uuid(), 'bcdd5f92-b6fb-4023-a59f-ad91cf2c91ae', '5b87d0c7-1ee7-4f62-b847-d463d09d4c60', '2026-05-11', true) on conflict (session_id, student_id) do nothing;
insert into public.attendance (id, session_id, student_id, date, present) values (gen_random_uuid(), 'c036f0e1-5b21-4434-8073-43cb86662908', '2bf99992-94f9-48c2-953c-a8819e8a4342', '2026-05-07', true) on conflict (session_id, student_id) do nothing;
insert into public.attendance (id, session_id, student_id, date, present) values (gen_random_uuid(), 'f4af1947-d951-4f3a-93de-888e96c9e37a', 'fd985660-1303-4265-8814-8b9f3a287484', '2026-05-19', true) on conflict (session_id, student_id) do nothing;
insert into public.attendance (id, session_id, student_id, date, present) values (gen_random_uuid(), 'fa885507-4fc9-4c9b-bd14-e9238a707025', 'dac49642-cbc2-4a77-b34f-65cfb031f83c', '2026-05-16', false) on conflict (session_id, student_id) do nothing;
insert into public.attendance (id, session_id, student_id, date, present) values (gen_random_uuid(), 'a2b1c7cb-1bcc-4b66-ac63-70f9eb18a0f0', '2bf99992-94f9-48c2-953c-a8819e8a4342', '2026-05-26', true) on conflict (session_id, student_id) do nothing;
insert into public.attendance (id, session_id, student_id, date, present) values (gen_random_uuid(), 'e84ecf86-222c-4e41-8d6a-8a10d96f749f', '7b8243d5-8540-4b7f-bbef-9da4627d7794', '2026-06-02', true) on conflict (session_id, student_id) do nothing;
insert into public.attendance (id, session_id, student_id, date, present) values (gen_random_uuid(), '9b5ec397-2b6b-4acc-9964-e6e391443cf4', '2bf99992-94f9-48c2-953c-a8819e8a4342', '2026-05-30', false) on conflict (session_id, student_id) do nothing;
insert into public.attendance (id, session_id, student_id, date, present) values (gen_random_uuid(), '33666866-f022-412a-bfa3-9b73ada9d4d3', 'f98be027-6691-47fa-bbdc-002ff353d838', '2026-05-15', true) on conflict (session_id, student_id) do nothing;
insert into public.attendance (id, session_id, student_id, date, present) values (gen_random_uuid(), 'f21dd684-0295-4224-823d-8fc7ff81be27', '6ede50ba-b02a-494b-9826-c8e850e45548', '2026-05-13', true) on conflict (session_id, student_id) do nothing;
insert into public.attendance (id, session_id, student_id, date, present) values (gen_random_uuid(), '918dc9f7-2c9c-444c-b81d-8a5fe465427c', '5ac04cc9-1653-4dec-8bf7-659ff5def994', '2026-05-20', true) on conflict (session_id, student_id) do nothing;
insert into public.attendance (id, session_id, student_id, date, present) values (gen_random_uuid(), 'af7654b6-e39a-43f4-9682-ac48c9d87601', '5b87d0c7-1ee7-4f62-b847-d463d09d4c60', '2026-05-27', true) on conflict (session_id, student_id) do nothing;
insert into public.attendance (id, session_id, student_id, date, present) values (gen_random_uuid(), '17a0d9a5-6b70-4b62-a3dd-e98f8f98a589', 'fd985660-1303-4265-8814-8b9f3a287484', '2026-05-05', true) on conflict (session_id, student_id) do nothing;
insert into public.attendance (id, session_id, student_id, date, present) values (gen_random_uuid(), '8271df1c-1b73-4412-af66-e8c0f9da9455', '17b57c44-e7ba-4bc4-92d7-746f36f35597', '2026-06-03', true) on conflict (session_id, student_id) do nothing;
insert into public.attendance (id, session_id, student_id, date, present) values (gen_random_uuid(), 'a2b1c7cb-1bcc-4b66-ac63-70f9eb18a0f0', '94478a44-7c2f-4ee7-a827-fd3212fb47a0', '2026-05-26', true) on conflict (session_id, student_id) do nothing;
insert into public.attendance (id, session_id, student_id, date, present) values (gen_random_uuid(), '27a7bb9a-4097-4b09-b504-cd3e9a0b06cf', '5541d7cb-a327-4bc7-8408-010d069a9e8f', '2026-05-09', true) on conflict (session_id, student_id) do nothing;
insert into public.attendance (id, session_id, student_id, date, present) values (gen_random_uuid(), '5fe1c873-dc0d-447b-9d45-f8c58b46624f', '6ede50ba-b02a-494b-9826-c8e850e45548', '2026-05-25', true) on conflict (session_id, student_id) do nothing;
insert into public.attendance (id, session_id, student_id, date, present) values (gen_random_uuid(), '47e9df33-1703-4f81-9874-c55456d6adef', '5b87d0c7-1ee7-4f62-b847-d463d09d4c60', '2026-06-01', false) on conflict (session_id, student_id) do nothing;
insert into public.attendance (id, session_id, student_id, date, present) values (gen_random_uuid(), '918dc9f7-2c9c-444c-b81d-8a5fe465427c', '6ede50ba-b02a-494b-9826-c8e850e45548', '2026-05-20', true) on conflict (session_id, student_id) do nothing;
insert into public.attendance (id, session_id, student_id, date, present) values (gen_random_uuid(), '6e08b5e6-80a1-4898-afa8-8d39152f6f2e', '00f66c77-d20a-4fff-af9e-1ecdc25ede01', '2026-05-22', true) on conflict (session_id, student_id) do nothing;
insert into public.attendance (id, session_id, student_id, date, present) values (gen_random_uuid(), '844a9d50-893e-4690-92f6-c7a7ff6403ab', '17b57c44-e7ba-4bc4-92d7-746f36f35597', '2026-05-18', true) on conflict (session_id, student_id) do nothing;
insert into public.attendance (id, session_id, student_id, date, present) values (gen_random_uuid(), '33666866-f022-412a-bfa3-9b73ada9d4d3', '48d9e1d6-8164-43ee-bff6-9ca309eea473', '2026-05-15', true) on conflict (session_id, student_id) do nothing;
insert into public.attendance (id, session_id, student_id, date, present) values (gen_random_uuid(), 'e84ecf86-222c-4e41-8d6a-8a10d96f749f', '2bf99992-94f9-48c2-953c-a8819e8a4342', '2026-06-02', false) on conflict (session_id, student_id) do nothing;
insert into public.attendance (id, session_id, student_id, date, present) values (gen_random_uuid(), '8271df1c-1b73-4412-af66-e8c0f9da9455', '5ac04cc9-1653-4dec-8bf7-659ff5def994', '2026-06-03', false) on conflict (session_id, student_id) do nothing;
insert into public.attendance (id, session_id, student_id, date, present) values (gen_random_uuid(), 'af7654b6-e39a-43f4-9682-ac48c9d87601', '00f66c77-d20a-4fff-af9e-1ecdc25ede01', '2026-05-27', true) on conflict (session_id, student_id) do nothing;
insert into public.attendance (id, session_id, student_id, date, present) values (gen_random_uuid(), 'f21dd684-0295-4224-823d-8fc7ff81be27', 'f98be027-6691-47fa-bbdc-002ff353d838', '2026-05-13', true) on conflict (session_id, student_id) do nothing;
insert into public.attendance (id, session_id, student_id, date, present) values (gen_random_uuid(), '6e08b5e6-80a1-4898-afa8-8d39152f6f2e', '48d9e1d6-8164-43ee-bff6-9ca309eea473', '2026-05-22', false) on conflict (session_id, student_id) do nothing;
insert into public.attendance (id, session_id, student_id, date, present) values (gen_random_uuid(), 'e903cb8a-3e31-4a76-9345-67748aaa4d47', '5b87d0c7-1ee7-4f62-b847-d463d09d4c60', '2026-05-29', true) on conflict (session_id, student_id) do nothing;
insert into public.attendance (id, session_id, student_id, date, present) values (gen_random_uuid(), 'f21dd684-0295-4224-823d-8fc7ff81be27', '857f1cb4-30d9-4a03-8479-8841882a29df', '2026-05-13', true) on conflict (session_id, student_id) do nothing;
insert into public.attendance (id, session_id, student_id, date, present) values (gen_random_uuid(), '844a9d50-893e-4690-92f6-c7a7ff6403ab', 'f1738a14-64fb-4843-81bf-5293154c91da', '2026-05-18', true) on conflict (session_id, student_id) do nothing;
insert into public.attendance (id, session_id, student_id, date, present) values (gen_random_uuid(), '27a7bb9a-4097-4b09-b504-cd3e9a0b06cf', '9816822c-5dd5-4b8a-acb5-d2c5a412631b', '2026-05-09', true) on conflict (session_id, student_id) do nothing;
insert into public.attendance (id, session_id, student_id, date, present) values (gen_random_uuid(), 'bcdd5f92-b6fb-4023-a59f-ad91cf2c91ae', '00f66c77-d20a-4fff-af9e-1ecdc25ede01', '2026-05-11', true) on conflict (session_id, student_id) do nothing;
insert into public.attendance (id, session_id, student_id, date, present) values (gen_random_uuid(), '35ec4833-1010-4027-a9bc-3a4837cfcc75', '5541d7cb-a327-4bc7-8408-010d069a9e8f', '2026-05-23', true) on conflict (session_id, student_id) do nothing;
insert into public.attendance (id, session_id, student_id, date, present) values (gen_random_uuid(), '6e08b5e6-80a1-4898-afa8-8d39152f6f2e', '17b57c44-e7ba-4bc4-92d7-746f36f35597', '2026-05-22', true) on conflict (session_id, student_id) do nothing;
insert into public.attendance (id, session_id, student_id, date, present) values (gen_random_uuid(), '918dc9f7-2c9c-444c-b81d-8a5fe465427c', 'f1738a14-64fb-4843-81bf-5293154c91da', '2026-05-20', false) on conflict (session_id, student_id) do nothing;
insert into public.attendance (id, session_id, student_id, date, present) values (gen_random_uuid(), 'bcdd5f92-b6fb-4023-a59f-ad91cf2c91ae', '6ede50ba-b02a-494b-9826-c8e850e45548', '2026-05-11', true) on conflict (session_id, student_id) do nothing;
insert into public.attendance (id, session_id, student_id, date, present) values (gen_random_uuid(), 'f21dd684-0295-4224-823d-8fc7ff81be27', '5ac04cc9-1653-4dec-8bf7-659ff5def994', '2026-05-13', true) on conflict (session_id, student_id) do nothing;
insert into public.attendance (id, session_id, student_id, date, present) values (gen_random_uuid(), '50a34b7e-407d-47ab-ba06-57ea11f8960a', 'fd985660-1303-4265-8814-8b9f3a287484', '2026-05-28', true) on conflict (session_id, student_id) do nothing;
insert into public.attendance (id, session_id, student_id, date, present) values (gen_random_uuid(), 'af7654b6-e39a-43f4-9682-ac48c9d87601', '857f1cb4-30d9-4a03-8479-8841882a29df', '2026-05-27', true) on conflict (session_id, student_id) do nothing;
insert into public.attendance (id, session_id, student_id, date, present) values (gen_random_uuid(), '35ec4833-1010-4027-a9bc-3a4837cfcc75', '9816822c-5dd5-4b8a-acb5-d2c5a412631b', '2026-05-23', true) on conflict (session_id, student_id) do nothing;
insert into public.attendance (id, session_id, student_id, date, present) values (gen_random_uuid(), 'fa885507-4fc9-4c9b-bd14-e9238a707025', '94478a44-7c2f-4ee7-a827-fd3212fb47a0', '2026-05-16', true) on conflict (session_id, student_id) do nothing;
insert into public.attendance (id, session_id, student_id, date, present) values (gen_random_uuid(), 'e903cb8a-3e31-4a76-9345-67748aaa4d47', '857f1cb4-30d9-4a03-8479-8841882a29df', '2026-05-29', true) on conflict (session_id, student_id) do nothing;
insert into public.attendance (id, session_id, student_id, date, present) values (gen_random_uuid(), 'f21dd684-0295-4224-823d-8fc7ff81be27', '00f66c77-d20a-4fff-af9e-1ecdc25ede01', '2026-05-13', true) on conflict (session_id, student_id) do nothing;
insert into public.attendance (id, session_id, student_id, date, present) values (gen_random_uuid(), 'e903cb8a-3e31-4a76-9345-67748aaa4d47', '17b57c44-e7ba-4bc4-92d7-746f36f35597', '2026-05-29', true) on conflict (session_id, student_id) do nothing;
insert into public.attendance (id, session_id, student_id, date, present) values (gen_random_uuid(), 'f21dd684-0295-4224-823d-8fc7ff81be27', '5b87d0c7-1ee7-4f62-b847-d463d09d4c60', '2026-05-13', true) on conflict (session_id, student_id) do nothing;
insert into public.attendance (id, session_id, student_id, date, present) values (gen_random_uuid(), 'f4af1947-d951-4f3a-93de-888e96c9e37a', 'dac49642-cbc2-4a77-b34f-65cfb031f83c', '2026-05-19', true) on conflict (session_id, student_id) do nothing;
insert into public.attendance (id, session_id, student_id, date, present) values (gen_random_uuid(), 'e84ecf86-222c-4e41-8d6a-8a10d96f749f', '40cc83fe-ddac-4867-920e-a616ef2a6c49', '2026-06-02', true) on conflict (session_id, student_id) do nothing;
insert into public.attendance (id, session_id, student_id, date, present) values (gen_random_uuid(), '918dc9f7-2c9c-444c-b81d-8a5fe465427c', '5b87d0c7-1ee7-4f62-b847-d463d09d4c60', '2026-05-20', true) on conflict (session_id, student_id) do nothing;
insert into public.attendance (id, session_id, student_id, date, present) values (gen_random_uuid(), 'a2b1c7cb-1bcc-4b66-ac63-70f9eb18a0f0', '7b8243d5-8540-4b7f-bbef-9da4627d7794', '2026-05-26', true) on conflict (session_id, student_id) do nothing;
insert into public.attendance (id, session_id, student_id, date, present) values (gen_random_uuid(), 'e8bc72f0-d6eb-4814-98b2-06092a8ebb1c', 'dac49642-cbc2-4a77-b34f-65cfb031f83c', '2026-05-14', true) on conflict (session_id, student_id) do nothing;
insert into public.attendance (id, session_id, student_id, date, present) values (gen_random_uuid(), '8271df1c-1b73-4412-af66-e8c0f9da9455', '6ede50ba-b02a-494b-9826-c8e850e45548', '2026-06-03', true) on conflict (session_id, student_id) do nothing;
insert into public.attendance (id, session_id, student_id, date, present) values (gen_random_uuid(), '8271df1c-1b73-4412-af66-e8c0f9da9455', '00f66c77-d20a-4fff-af9e-1ecdc25ede01', '2026-06-03', true) on conflict (session_id, student_id) do nothing;
insert into public.attendance (id, session_id, student_id, date, present) values (gen_random_uuid(), '33666866-f022-412a-bfa3-9b73ada9d4d3', '6ede50ba-b02a-494b-9826-c8e850e45548', '2026-05-15', true) on conflict (session_id, student_id) do nothing;
insert into public.attendance (id, session_id, student_id, date, present) values (gen_random_uuid(), '9b5ec397-2b6b-4acc-9964-e6e391443cf4', 'fd985660-1303-4265-8814-8b9f3a287484', '2026-05-30', true) on conflict (session_id, student_id) do nothing;
insert into public.attendance (id, session_id, student_id, date, present) values (gen_random_uuid(), 'bcdd5f92-b6fb-4023-a59f-ad91cf2c91ae', 'f1738a14-64fb-4843-81bf-5293154c91da', '2026-05-11', true) on conflict (session_id, student_id) do nothing;
insert into public.attendance (id, session_id, student_id, date, present) values (gen_random_uuid(), '9b5ec397-2b6b-4acc-9964-e6e391443cf4', '9816822c-5dd5-4b8a-acb5-d2c5a412631b', '2026-05-30', false) on conflict (session_id, student_id) do nothing;
insert into public.attendance (id, session_id, student_id, date, present) values (gen_random_uuid(), '6e08b5e6-80a1-4898-afa8-8d39152f6f2e', '857f1cb4-30d9-4a03-8479-8841882a29df', '2026-05-22', true) on conflict (session_id, student_id) do nothing;
insert into public.attendance (id, session_id, student_id, date, present) values (gen_random_uuid(), '918dc9f7-2c9c-444c-b81d-8a5fe465427c', '17b57c44-e7ba-4bc4-92d7-746f36f35597', '2026-05-20', true) on conflict (session_id, student_id) do nothing;
insert into public.attendance (id, session_id, student_id, date, present) values (gen_random_uuid(), 'a2b1c7cb-1bcc-4b66-ac63-70f9eb18a0f0', 'fd985660-1303-4265-8814-8b9f3a287484', '2026-05-26', true) on conflict (session_id, student_id) do nothing;
insert into public.attendance (id, session_id, student_id, date, present) values (gen_random_uuid(), 'e7e7652a-d2e5-4e87-b398-c7e2a0f4fe55', 'dac49642-cbc2-4a77-b34f-65cfb031f83c', '2026-05-21', true) on conflict (session_id, student_id) do nothing;
insert into public.attendance (id, session_id, student_id, date, present) values (gen_random_uuid(), 'fa885507-4fc9-4c9b-bd14-e9238a707025', 'fd985660-1303-4265-8814-8b9f3a287484', '2026-05-16', true) on conflict (session_id, student_id) do nothing;
insert into public.attendance (id, session_id, student_id, date, present) values (gen_random_uuid(), 'c036f0e1-5b21-4434-8073-43cb86662908', '5541d7cb-a327-4bc7-8408-010d069a9e8f', '2026-05-07', true) on conflict (session_id, student_id) do nothing;
insert into public.attendance (id, session_id, student_id, date, present) values (gen_random_uuid(), 'e7e7652a-d2e5-4e87-b398-c7e2a0f4fe55', 'fd985660-1303-4265-8814-8b9f3a287484', '2026-05-21', true) on conflict (session_id, student_id) do nothing;

-- 6. HOMEWORKS (theo buổi: done/in_progress/not_done + ghi chú)
insert into public.homeworks (id, session_id, student_id, progress, title, note, created_at) values (gen_random_uuid(), '50a34b7e-407d-47ab-ba06-57ea11f8960a', '94478a44-7c2f-4ee7-a827-fd3212fb47a0', 'not_done', 'Bài tập buổi 11', '', '2026-05-28T14:00:18.000Z') on conflict (session_id, student_id) do nothing;
insert into public.homeworks (id, session_id, student_id, progress, title, note, created_at) values (gen_random_uuid(), '50a34b7e-407d-47ab-ba06-57ea11f8960a', '2bf99992-94f9-48c2-953c-a8819e8a4342', 'not_done', 'Bài tập buổi 11', '', '2026-05-28T14:00:18.000Z') on conflict (session_id, student_id) do nothing;
insert into public.homeworks (id, session_id, student_id, progress, title, note, created_at) values (gen_random_uuid(), '50a34b7e-407d-47ab-ba06-57ea11f8960a', 'dac49642-cbc2-4a77-b34f-65cfb031f83c', 'not_done', 'Bài tập buổi 11', '', '2026-05-28T14:00:18.000Z') on conflict (session_id, student_id) do nothing;
insert into public.homeworks (id, session_id, student_id, progress, title, note, created_at) values (gen_random_uuid(), '50a34b7e-407d-47ab-ba06-57ea11f8960a', '5541d7cb-a327-4bc7-8408-010d069a9e8f', 'not_done', 'Bài tập buổi 11', '', '2026-05-28T14:00:18.000Z') on conflict (session_id, student_id) do nothing;
insert into public.homeworks (id, session_id, student_id, progress, title, note, created_at) values (gen_random_uuid(), '50a34b7e-407d-47ab-ba06-57ea11f8960a', 'f2afa4df-cd6d-430c-9fa8-95f5c7aa06a4', 'not_done', 'Bài tập buổi 11', '', '2026-05-28T14:00:18.000Z') on conflict (session_id, student_id) do nothing;
insert into public.homeworks (id, session_id, student_id, progress, title, note, created_at) values (gen_random_uuid(), '50a34b7e-407d-47ab-ba06-57ea11f8960a', '40cc83fe-ddac-4867-920e-a616ef2a6c49', 'done', 'Bài tập buổi 11', '', '2026-05-28T14:00:18.000Z') on conflict (session_id, student_id) do nothing;
insert into public.homeworks (id, session_id, student_id, progress, title, note, created_at) values (gen_random_uuid(), '50a34b7e-407d-47ab-ba06-57ea11f8960a', 'fd985660-1303-4265-8814-8b9f3a287484', 'done', 'Bài tập buổi 11', '', '2026-05-28T14:00:18.000Z') on conflict (session_id, student_id) do nothing;
insert into public.homeworks (id, session_id, student_id, progress, title, note, created_at) values (gen_random_uuid(), '50a34b7e-407d-47ab-ba06-57ea11f8960a', '9816822c-5dd5-4b8a-acb5-d2c5a412631b', 'done', 'Bài tập buổi 11', '', '2026-05-28T14:00:18.000Z') on conflict (session_id, student_id) do nothing;
insert into public.homeworks (id, session_id, student_id, progress, title, note, created_at) values (gen_random_uuid(), '50a34b7e-407d-47ab-ba06-57ea11f8960a', '7b8243d5-8540-4b7f-bbef-9da4627d7794', 'done', 'Bài tập buổi 11', '', '2026-05-28T14:00:18.000Z') on conflict (session_id, student_id) do nothing;
insert into public.homeworks (id, session_id, student_id, progress, title, note, created_at) values (gen_random_uuid(), '0ff4cb28-2d8a-4b06-b7ae-8e8a905d9584', '7b8243d5-8540-4b7f-bbef-9da4627d7794', 'done', 'Bài tập buổi 4', '', '2026-05-12T14:40:10.000Z') on conflict (session_id, student_id) do nothing;
insert into public.homeworks (id, session_id, student_id, progress, title, note, created_at) values (gen_random_uuid(), '0ff4cb28-2d8a-4b06-b7ae-8e8a905d9584', 'fd985660-1303-4265-8814-8b9f3a287484', 'done', 'Bài tập buổi 4', '', '2026-05-12T14:40:10.000Z') on conflict (session_id, student_id) do nothing;
insert into public.homeworks (id, session_id, student_id, progress, title, note, created_at) values (gen_random_uuid(), '0ff4cb28-2d8a-4b06-b7ae-8e8a905d9584', '9816822c-5dd5-4b8a-acb5-d2c5a412631b', 'done', 'Bài tập buổi 4', '', '2026-05-12T14:40:10.000Z') on conflict (session_id, student_id) do nothing;
insert into public.homeworks (id, session_id, student_id, progress, title, note, created_at) values (gen_random_uuid(), '0ff4cb28-2d8a-4b06-b7ae-8e8a905d9584', '40cc83fe-ddac-4867-920e-a616ef2a6c49', 'done', 'Bài tập buổi 4', '', '2026-05-12T14:40:10.000Z') on conflict (session_id, student_id) do nothing;
insert into public.homeworks (id, session_id, student_id, progress, title, note, created_at) values (gen_random_uuid(), '0ff4cb28-2d8a-4b06-b7ae-8e8a905d9584', 'f2afa4df-cd6d-430c-9fa8-95f5c7aa06a4', 'done', 'Bài tập buổi 4', '', '2026-05-12T14:40:10.000Z') on conflict (session_id, student_id) do nothing;
insert into public.homeworks (id, session_id, student_id, progress, title, note, created_at) values (gen_random_uuid(), '0ff4cb28-2d8a-4b06-b7ae-8e8a905d9584', '5541d7cb-a327-4bc7-8408-010d069a9e8f', 'not_done', 'Bài tập buổi 4', '', '2026-05-12T14:40:10.000Z') on conflict (session_id, student_id) do nothing;
insert into public.homeworks (id, session_id, student_id, progress, title, note, created_at) values (gen_random_uuid(), '0ff4cb28-2d8a-4b06-b7ae-8e8a905d9584', '94478a44-7c2f-4ee7-a827-fd3212fb47a0', 'done', 'Bài tập buổi 4', '', '2026-05-12T14:40:10.000Z') on conflict (session_id, student_id) do nothing;
insert into public.homeworks (id, session_id, student_id, progress, title, note, created_at) values (gen_random_uuid(), '0ff4cb28-2d8a-4b06-b7ae-8e8a905d9584', '2bf99992-94f9-48c2-953c-a8819e8a4342', 'done', 'Bài tập buổi 4', '', '2026-05-12T14:40:10.000Z') on conflict (session_id, student_id) do nothing;
insert into public.homeworks (id, session_id, student_id, progress, title, note, created_at) values (gen_random_uuid(), '0ff4cb28-2d8a-4b06-b7ae-8e8a905d9584', 'dac49642-cbc2-4a77-b34f-65cfb031f83c', 'done', 'Bài tập buổi 4', '', '2026-05-12T14:40:10.000Z') on conflict (session_id, student_id) do nothing;
insert into public.homeworks (id, session_id, student_id, progress, title, note, created_at) values (gen_random_uuid(), '844a9d50-893e-4690-92f6-c7a7ff6403ab', '17b57c44-e7ba-4bc4-92d7-746f36f35597', 'done', 'Bài tập buổi 4', '', '2026-05-18T15:01:17.000Z') on conflict (session_id, student_id) do nothing;
insert into public.homeworks (id, session_id, student_id, progress, title, note, created_at) values (gen_random_uuid(), '844a9d50-893e-4690-92f6-c7a7ff6403ab', '00f66c77-d20a-4fff-af9e-1ecdc25ede01', 'done', 'Bài tập buổi 4', '', '2026-05-18T15:01:17.000Z') on conflict (session_id, student_id) do nothing;
insert into public.homeworks (id, session_id, student_id, progress, title, note, created_at) values (gen_random_uuid(), '844a9d50-893e-4690-92f6-c7a7ff6403ab', '857f1cb4-30d9-4a03-8479-8841882a29df', 'done', 'Bài tập buổi 4', '', '2026-05-18T15:01:17.000Z') on conflict (session_id, student_id) do nothing;
insert into public.homeworks (id, session_id, student_id, progress, title, note, created_at) values (gen_random_uuid(), '844a9d50-893e-4690-92f6-c7a7ff6403ab', '5b87d0c7-1ee7-4f62-b847-d463d09d4c60', 'done', 'Bài tập buổi 4', '', '2026-05-18T15:01:17.000Z') on conflict (session_id, student_id) do nothing;
insert into public.homeworks (id, session_id, student_id, progress, title, note, created_at) values (gen_random_uuid(), '844a9d50-893e-4690-92f6-c7a7ff6403ab', 'f1738a14-64fb-4843-81bf-5293154c91da', 'done', 'Bài tập buổi 4', '', '2026-05-18T15:01:17.000Z') on conflict (session_id, student_id) do nothing;
insert into public.homeworks (id, session_id, student_id, progress, title, note, created_at) values (gen_random_uuid(), '844a9d50-893e-4690-92f6-c7a7ff6403ab', '5ac04cc9-1653-4dec-8bf7-659ff5def994', 'done', 'Bài tập buổi 4', '', '2026-05-18T15:01:17.000Z') on conflict (session_id, student_id) do nothing;
insert into public.homeworks (id, session_id, student_id, progress, title, note, created_at) values (gen_random_uuid(), '844a9d50-893e-4690-92f6-c7a7ff6403ab', 'f98be027-6691-47fa-bbdc-002ff353d838', 'done', 'Bài tập buổi 4', '', '2026-05-18T15:01:17.000Z') on conflict (session_id, student_id) do nothing;
insert into public.homeworks (id, session_id, student_id, progress, title, note, created_at) values (gen_random_uuid(), '844a9d50-893e-4690-92f6-c7a7ff6403ab', '48d9e1d6-8164-43ee-bff6-9ca309eea473', 'done', 'Bài tập buổi 4', '', '2026-05-18T15:01:17.000Z') on conflict (session_id, student_id) do nothing;
insert into public.homeworks (id, session_id, student_id, progress, title, note, created_at) values (gen_random_uuid(), '844a9d50-893e-4690-92f6-c7a7ff6403ab', '6ede50ba-b02a-494b-9826-c8e850e45548', 'done', 'Bài tập buổi 4', '', '2026-05-18T15:01:17.000Z') on conflict (session_id, student_id) do nothing;
insert into public.homeworks (id, session_id, student_id, progress, title, note, created_at) values (gen_random_uuid(), '918dc9f7-2c9c-444c-b81d-8a5fe465427c', 'f1738a14-64fb-4843-81bf-5293154c91da', 'done', 'Bài tập buổi 5', '', '2026-05-23T08:13:48.000Z') on conflict (session_id, student_id) do nothing;
insert into public.homeworks (id, session_id, student_id, progress, title, note, created_at) values (gen_random_uuid(), '918dc9f7-2c9c-444c-b81d-8a5fe465427c', '857f1cb4-30d9-4a03-8479-8841882a29df', 'done', 'Bài tập buổi 5', '', '2026-05-23T08:13:48.000Z') on conflict (session_id, student_id) do nothing;
insert into public.homeworks (id, session_id, student_id, progress, title, note, created_at) values (gen_random_uuid(), '918dc9f7-2c9c-444c-b81d-8a5fe465427c', '5b87d0c7-1ee7-4f62-b847-d463d09d4c60', 'done', 'Bài tập buổi 5', '', '2026-05-23T08:13:48.000Z') on conflict (session_id, student_id) do nothing;
insert into public.homeworks (id, session_id, student_id, progress, title, note, created_at) values (gen_random_uuid(), '918dc9f7-2c9c-444c-b81d-8a5fe465427c', 'f98be027-6691-47fa-bbdc-002ff353d838', 'done', 'Bài tập buổi 5', '', '2026-05-23T08:13:48.000Z') on conflict (session_id, student_id) do nothing;
insert into public.homeworks (id, session_id, student_id, progress, title, note, created_at) values (gen_random_uuid(), '918dc9f7-2c9c-444c-b81d-8a5fe465427c', '6ede50ba-b02a-494b-9826-c8e850e45548', 'done', 'Bài tập buổi 5', '', '2026-05-23T08:13:48.000Z') on conflict (session_id, student_id) do nothing;
insert into public.homeworks (id, session_id, student_id, progress, title, note, created_at) values (gen_random_uuid(), '918dc9f7-2c9c-444c-b81d-8a5fe465427c', '48d9e1d6-8164-43ee-bff6-9ca309eea473', 'done', 'Bài tập buổi 5', '', '2026-05-23T08:13:48.000Z') on conflict (session_id, student_id) do nothing;
insert into public.homeworks (id, session_id, student_id, progress, title, note, created_at) values (gen_random_uuid(), '918dc9f7-2c9c-444c-b81d-8a5fe465427c', '5ac04cc9-1653-4dec-8bf7-659ff5def994', 'done', 'Bài tập buổi 5', '', '2026-05-23T08:13:48.000Z') on conflict (session_id, student_id) do nothing;
insert into public.homeworks (id, session_id, student_id, progress, title, note, created_at) values (gen_random_uuid(), '918dc9f7-2c9c-444c-b81d-8a5fe465427c', '17b57c44-e7ba-4bc4-92d7-746f36f35597', 'done', 'Bài tập buổi 5', '', '2026-05-23T08:13:48.000Z') on conflict (session_id, student_id) do nothing;
insert into public.homeworks (id, session_id, student_id, progress, title, note, created_at) values (gen_random_uuid(), '918dc9f7-2c9c-444c-b81d-8a5fe465427c', '00f66c77-d20a-4fff-af9e-1ecdc25ede01', 'done', 'Bài tập buổi 5', '', '2026-05-23T08:13:48.000Z') on conflict (session_id, student_id) do nothing;
insert into public.homeworks (id, session_id, student_id, progress, title, note, created_at) values (gen_random_uuid(), '27a7bb9a-4097-4b09-b504-cd3e9a0b06cf', '7b8243d5-8540-4b7f-bbef-9da4627d7794', 'done', 'Bài tập buổi 3', '', '2026-05-09T15:04:43.000Z') on conflict (session_id, student_id) do nothing;
insert into public.homeworks (id, session_id, student_id, progress, title, note, created_at) values (gen_random_uuid(), '27a7bb9a-4097-4b09-b504-cd3e9a0b06cf', '40cc83fe-ddac-4867-920e-a616ef2a6c49', 'done', 'Bài tập buổi 3', '', '2026-05-09T15:04:43.000Z') on conflict (session_id, student_id) do nothing;
insert into public.homeworks (id, session_id, student_id, progress, title, note, created_at) values (gen_random_uuid(), '27a7bb9a-4097-4b09-b504-cd3e9a0b06cf', 'fd985660-1303-4265-8814-8b9f3a287484', 'done', 'Bài tập buổi 3', '', '2026-05-09T15:04:43.000Z') on conflict (session_id, student_id) do nothing;
insert into public.homeworks (id, session_id, student_id, progress, title, note, created_at) values (gen_random_uuid(), '27a7bb9a-4097-4b09-b504-cd3e9a0b06cf', '9816822c-5dd5-4b8a-acb5-d2c5a412631b', 'done', 'Bài tập buổi 3', '', '2026-05-09T15:04:43.000Z') on conflict (session_id, student_id) do nothing;
insert into public.homeworks (id, session_id, student_id, progress, title, note, created_at) values (gen_random_uuid(), '27a7bb9a-4097-4b09-b504-cd3e9a0b06cf', 'f2afa4df-cd6d-430c-9fa8-95f5c7aa06a4', 'not_done', 'Bài tập buổi 3', '', '2026-05-09T15:04:43.000Z') on conflict (session_id, student_id) do nothing;
insert into public.homeworks (id, session_id, student_id, progress, title, note, created_at) values (gen_random_uuid(), '27a7bb9a-4097-4b09-b504-cd3e9a0b06cf', '94478a44-7c2f-4ee7-a827-fd3212fb47a0', 'done', 'Bài tập buổi 3', '', '2026-05-09T15:04:43.000Z') on conflict (session_id, student_id) do nothing;
insert into public.homeworks (id, session_id, student_id, progress, title, note, created_at) values (gen_random_uuid(), '27a7bb9a-4097-4b09-b504-cd3e9a0b06cf', 'dac49642-cbc2-4a77-b34f-65cfb031f83c', 'done', 'Bài tập buổi 3', '', '2026-05-09T15:04:43.000Z') on conflict (session_id, student_id) do nothing;
insert into public.homeworks (id, session_id, student_id, progress, title, note, created_at) values (gen_random_uuid(), '27a7bb9a-4097-4b09-b504-cd3e9a0b06cf', '2bf99992-94f9-48c2-953c-a8819e8a4342', 'done', 'Bài tập buổi 3', '', '2026-05-09T15:04:43.000Z') on conflict (session_id, student_id) do nothing;
insert into public.homeworks (id, session_id, student_id, progress, title, note, created_at) values (gen_random_uuid(), '27a7bb9a-4097-4b09-b504-cd3e9a0b06cf', '5541d7cb-a327-4bc7-8408-010d069a9e8f', 'done', 'Bài tập buổi 3', '', '2026-05-09T15:04:43.000Z') on conflict (session_id, student_id) do nothing;
insert into public.homeworks (id, session_id, student_id, progress, title, note, created_at) values (gen_random_uuid(), 'fa885507-4fc9-4c9b-bd14-e9238a707025', 'dac49642-cbc2-4a77-b34f-65cfb031f83c', 'done', 'Bài tập buổi 6', '', '2026-05-18T09:59:46.000Z') on conflict (session_id, student_id) do nothing;
insert into public.homeworks (id, session_id, student_id, progress, title, note, created_at) values (gen_random_uuid(), 'fa885507-4fc9-4c9b-bd14-e9238a707025', '2bf99992-94f9-48c2-953c-a8819e8a4342', 'done', 'Bài tập buổi 6', '', '2026-05-18T09:59:46.000Z') on conflict (session_id, student_id) do nothing;
insert into public.homeworks (id, session_id, student_id, progress, title, note, created_at) values (gen_random_uuid(), 'fa885507-4fc9-4c9b-bd14-e9238a707025', '94478a44-7c2f-4ee7-a827-fd3212fb47a0', 'done', 'Bài tập buổi 6', '', '2026-05-18T09:59:46.000Z') on conflict (session_id, student_id) do nothing;
insert into public.homeworks (id, session_id, student_id, progress, title, note, created_at) values (gen_random_uuid(), 'fa885507-4fc9-4c9b-bd14-e9238a707025', '5541d7cb-a327-4bc7-8408-010d069a9e8f', 'not_done', 'Bài tập buổi 6', '', '2026-05-18T09:59:46.000Z') on conflict (session_id, student_id) do nothing;
insert into public.homeworks (id, session_id, student_id, progress, title, note, created_at) values (gen_random_uuid(), 'fa885507-4fc9-4c9b-bd14-e9238a707025', 'f2afa4df-cd6d-430c-9fa8-95f5c7aa06a4', 'not_done', 'Bài tập buổi 6', '', '2026-05-18T09:59:46.000Z') on conflict (session_id, student_id) do nothing;
insert into public.homeworks (id, session_id, student_id, progress, title, note, created_at) values (gen_random_uuid(), 'fa885507-4fc9-4c9b-bd14-e9238a707025', '40cc83fe-ddac-4867-920e-a616ef2a6c49', 'done', 'Bài tập buổi 6', '', '2026-05-18T09:59:46.000Z') on conflict (session_id, student_id) do nothing;
insert into public.homeworks (id, session_id, student_id, progress, title, note, created_at) values (gen_random_uuid(), 'fa885507-4fc9-4c9b-bd14-e9238a707025', 'fd985660-1303-4265-8814-8b9f3a287484', 'done', 'Bài tập buổi 6', '', '2026-05-18T09:59:46.000Z') on conflict (session_id, student_id) do nothing;
insert into public.homeworks (id, session_id, student_id, progress, title, note, created_at) values (gen_random_uuid(), 'fa885507-4fc9-4c9b-bd14-e9238a707025', '9816822c-5dd5-4b8a-acb5-d2c5a412631b', 'done', 'Bài tập buổi 6', '', '2026-05-18T09:59:46.000Z') on conflict (session_id, student_id) do nothing;
insert into public.homeworks (id, session_id, student_id, progress, title, note, created_at) values (gen_random_uuid(), 'fa885507-4fc9-4c9b-bd14-e9238a707025', '7b8243d5-8540-4b7f-bbef-9da4627d7794', 'not_done', 'Bài tập buổi 6', '', '2026-05-18T09:59:46.000Z') on conflict (session_id, student_id) do nothing;
insert into public.homeworks (id, session_id, student_id, progress, title, note, created_at) values (gen_random_uuid(), 'af7654b6-e39a-43f4-9682-ac48c9d87601', '5ac04cc9-1653-4dec-8bf7-659ff5def994', 'done', 'Bài tập buổi 8', '', '2026-05-30T14:32:38.000Z') on conflict (session_id, student_id) do nothing;
insert into public.homeworks (id, session_id, student_id, progress, title, note, created_at) values (gen_random_uuid(), 'af7654b6-e39a-43f4-9682-ac48c9d87601', '6ede50ba-b02a-494b-9826-c8e850e45548', 'done', 'Bài tập buổi 8', '', '2026-05-30T14:32:38.000Z') on conflict (session_id, student_id) do nothing;
insert into public.homeworks (id, session_id, student_id, progress, title, note, created_at) values (gen_random_uuid(), 'af7654b6-e39a-43f4-9682-ac48c9d87601', '48d9e1d6-8164-43ee-bff6-9ca309eea473', 'done', 'Bài tập buổi 8', '', '2026-05-30T14:32:38.000Z') on conflict (session_id, student_id) do nothing;
insert into public.homeworks (id, session_id, student_id, progress, title, note, created_at) values (gen_random_uuid(), 'af7654b6-e39a-43f4-9682-ac48c9d87601', 'f98be027-6691-47fa-bbdc-002ff353d838', 'done', 'Bài tập buổi 8', '', '2026-05-30T14:32:38.000Z') on conflict (session_id, student_id) do nothing;
insert into public.homeworks (id, session_id, student_id, progress, title, note, created_at) values (gen_random_uuid(), 'af7654b6-e39a-43f4-9682-ac48c9d87601', '857f1cb4-30d9-4a03-8479-8841882a29df', 'done', 'Bài tập buổi 8', '', '2026-05-30T14:32:38.000Z') on conflict (session_id, student_id) do nothing;
insert into public.homeworks (id, session_id, student_id, progress, title, note, created_at) values (gen_random_uuid(), 'af7654b6-e39a-43f4-9682-ac48c9d87601', '5b87d0c7-1ee7-4f62-b847-d463d09d4c60', 'done', 'Bài tập buổi 8', '', '2026-05-30T14:32:38.000Z') on conflict (session_id, student_id) do nothing;
insert into public.homeworks (id, session_id, student_id, progress, title, note, created_at) values (gen_random_uuid(), 'af7654b6-e39a-43f4-9682-ac48c9d87601', 'f1738a14-64fb-4843-81bf-5293154c91da', 'done', 'Bài tập buổi 8', '', '2026-05-30T14:32:38.000Z') on conflict (session_id, student_id) do nothing;
insert into public.homeworks (id, session_id, student_id, progress, title, note, created_at) values (gen_random_uuid(), 'af7654b6-e39a-43f4-9682-ac48c9d87601', '00f66c77-d20a-4fff-af9e-1ecdc25ede01', 'done', 'Bài tập buổi 8', '', '2026-05-30T14:32:38.000Z') on conflict (session_id, student_id) do nothing;
insert into public.homeworks (id, session_id, student_id, progress, title, note, created_at) values (gen_random_uuid(), 'af7654b6-e39a-43f4-9682-ac48c9d87601', '17b57c44-e7ba-4bc4-92d7-746f36f35597', 'done', 'Bài tập buổi 8', '', '2026-05-30T14:32:38.000Z') on conflict (session_id, student_id) do nothing;
insert into public.homeworks (id, session_id, student_id, progress, title, note, created_at) values (gen_random_uuid(), '6e08b5e6-80a1-4898-afa8-8d39152f6f2e', '857f1cb4-30d9-4a03-8479-8841882a29df', 'done', 'Bài tập buổi 6', '', '2026-05-23T08:14:05.000Z') on conflict (session_id, student_id) do nothing;
insert into public.homeworks (id, session_id, student_id, progress, title, note, created_at) values (gen_random_uuid(), '6e08b5e6-80a1-4898-afa8-8d39152f6f2e', '5b87d0c7-1ee7-4f62-b847-d463d09d4c60', 'done', 'Bài tập buổi 6', '', '2026-05-23T08:14:05.000Z') on conflict (session_id, student_id) do nothing;
insert into public.homeworks (id, session_id, student_id, progress, title, note, created_at) values (gen_random_uuid(), '6e08b5e6-80a1-4898-afa8-8d39152f6f2e', 'f1738a14-64fb-4843-81bf-5293154c91da', 'not_done', 'Bài tập buổi 6', '', '2026-05-23T08:14:05.000Z') on conflict (session_id, student_id) do nothing;
insert into public.homeworks (id, session_id, student_id, progress, title, note, created_at) values (gen_random_uuid(), '6e08b5e6-80a1-4898-afa8-8d39152f6f2e', '5ac04cc9-1653-4dec-8bf7-659ff5def994', 'done', 'Bài tập buổi 6', '', '2026-05-23T08:14:05.000Z') on conflict (session_id, student_id) do nothing;
insert into public.homeworks (id, session_id, student_id, progress, title, note, created_at) values (gen_random_uuid(), '6e08b5e6-80a1-4898-afa8-8d39152f6f2e', 'f98be027-6691-47fa-bbdc-002ff353d838', 'done', 'Bài tập buổi 6', '', '2026-05-23T08:14:05.000Z') on conflict (session_id, student_id) do nothing;
insert into public.homeworks (id, session_id, student_id, progress, title, note, created_at) values (gen_random_uuid(), '6e08b5e6-80a1-4898-afa8-8d39152f6f2e', '6ede50ba-b02a-494b-9826-c8e850e45548', 'done', 'Bài tập buổi 6', '', '2026-05-23T08:14:05.000Z') on conflict (session_id, student_id) do nothing;
insert into public.homeworks (id, session_id, student_id, progress, title, note, created_at) values (gen_random_uuid(), '6e08b5e6-80a1-4898-afa8-8d39152f6f2e', '48d9e1d6-8164-43ee-bff6-9ca309eea473', 'done', 'Bài tập buổi 6', '', '2026-05-23T08:14:05.000Z') on conflict (session_id, student_id) do nothing;
insert into public.homeworks (id, session_id, student_id, progress, title, note, created_at) values (gen_random_uuid(), '6e08b5e6-80a1-4898-afa8-8d39152f6f2e', '17b57c44-e7ba-4bc4-92d7-746f36f35597', 'done', 'Bài tập buổi 6', '', '2026-05-23T08:14:05.000Z') on conflict (session_id, student_id) do nothing;
insert into public.homeworks (id, session_id, student_id, progress, title, note, created_at) values (gen_random_uuid(), '6e08b5e6-80a1-4898-afa8-8d39152f6f2e', '00f66c77-d20a-4fff-af9e-1ecdc25ede01', 'not_done', 'Bài tập buổi 6', '', '2026-05-23T08:14:05.000Z') on conflict (session_id, student_id) do nothing;
insert into public.homeworks (id, session_id, student_id, progress, title, note, created_at) values (gen_random_uuid(), 'a2b1c7cb-1bcc-4b66-ac63-70f9eb18a0f0', '7b8243d5-8540-4b7f-bbef-9da4627d7794', 'done', 'Bài tập buổi 10', '', '2026-05-26T13:59:10.000Z') on conflict (session_id, student_id) do nothing;
insert into public.homeworks (id, session_id, student_id, progress, title, note, created_at) values (gen_random_uuid(), 'a2b1c7cb-1bcc-4b66-ac63-70f9eb18a0f0', 'fd985660-1303-4265-8814-8b9f3a287484', 'done', 'Bài tập buổi 10', '', '2026-05-26T13:59:10.000Z') on conflict (session_id, student_id) do nothing;
insert into public.homeworks (id, session_id, student_id, progress, title, note, created_at) values (gen_random_uuid(), 'a2b1c7cb-1bcc-4b66-ac63-70f9eb18a0f0', '9816822c-5dd5-4b8a-acb5-d2c5a412631b', 'done', 'Bài tập buổi 10', '', '2026-05-26T13:59:10.000Z') on conflict (session_id, student_id) do nothing;
insert into public.homeworks (id, session_id, student_id, progress, title, note, created_at) values (gen_random_uuid(), 'a2b1c7cb-1bcc-4b66-ac63-70f9eb18a0f0', '40cc83fe-ddac-4867-920e-a616ef2a6c49', 'done', 'Bài tập buổi 10', '', '2026-05-26T13:59:10.000Z') on conflict (session_id, student_id) do nothing;
insert into public.homeworks (id, session_id, student_id, progress, title, note, created_at) values (gen_random_uuid(), 'a2b1c7cb-1bcc-4b66-ac63-70f9eb18a0f0', 'f2afa4df-cd6d-430c-9fa8-95f5c7aa06a4', 'done', 'Bài tập buổi 10', '', '2026-05-26T13:59:10.000Z') on conflict (session_id, student_id) do nothing;
insert into public.homeworks (id, session_id, student_id, progress, title, note, created_at) values (gen_random_uuid(), 'a2b1c7cb-1bcc-4b66-ac63-70f9eb18a0f0', '5541d7cb-a327-4bc7-8408-010d069a9e8f', 'not_done', 'Bài tập buổi 10', '', '2026-05-26T13:59:10.000Z') on conflict (session_id, student_id) do nothing;
insert into public.homeworks (id, session_id, student_id, progress, title, note, created_at) values (gen_random_uuid(), 'a2b1c7cb-1bcc-4b66-ac63-70f9eb18a0f0', '2bf99992-94f9-48c2-953c-a8819e8a4342', 'done', 'Bài tập buổi 10', '', '2026-05-26T13:59:10.000Z') on conflict (session_id, student_id) do nothing;
insert into public.homeworks (id, session_id, student_id, progress, title, note, created_at) values (gen_random_uuid(), 'a2b1c7cb-1bcc-4b66-ac63-70f9eb18a0f0', 'dac49642-cbc2-4a77-b34f-65cfb031f83c', 'not_done', 'Bài tập buổi 10', '', '2026-05-26T13:59:10.000Z') on conflict (session_id, student_id) do nothing;
insert into public.homeworks (id, session_id, student_id, progress, title, note, created_at) values (gen_random_uuid(), 'a2b1c7cb-1bcc-4b66-ac63-70f9eb18a0f0', '94478a44-7c2f-4ee7-a827-fd3212fb47a0', 'done', 'Bài tập buổi 10', '', '2026-05-26T13:59:10.000Z') on conflict (session_id, student_id) do nothing;
insert into public.homeworks (id, session_id, student_id, progress, title, note, created_at) values (gen_random_uuid(), '9b5ec397-2b6b-4acc-9964-e6e391443cf4', 'f2afa4df-cd6d-430c-9fa8-95f5c7aa06a4', 'not_done', 'Bài tập buổi 12', '', '2026-05-30T14:33:13.000Z') on conflict (session_id, student_id) do nothing;
insert into public.homeworks (id, session_id, student_id, progress, title, note, created_at) values (gen_random_uuid(), '9b5ec397-2b6b-4acc-9964-e6e391443cf4', '5541d7cb-a327-4bc7-8408-010d069a9e8f', 'not_done', 'Bài tập buổi 12', '', '2026-05-30T14:33:13.000Z') on conflict (session_id, student_id) do nothing;
insert into public.homeworks (id, session_id, student_id, progress, title, note, created_at) values (gen_random_uuid(), '9b5ec397-2b6b-4acc-9964-e6e391443cf4', '2bf99992-94f9-48c2-953c-a8819e8a4342', 'not_done', 'Bài tập buổi 12', '', '2026-05-30T14:33:13.000Z') on conflict (session_id, student_id) do nothing;
insert into public.homeworks (id, session_id, student_id, progress, title, note, created_at) values (gen_random_uuid(), '9b5ec397-2b6b-4acc-9964-e6e391443cf4', 'dac49642-cbc2-4a77-b34f-65cfb031f83c', 'done', 'Bài tập buổi 12', '', '2026-05-30T14:33:13.000Z') on conflict (session_id, student_id) do nothing;
insert into public.homeworks (id, session_id, student_id, progress, title, note, created_at) values (gen_random_uuid(), '9b5ec397-2b6b-4acc-9964-e6e391443cf4', '94478a44-7c2f-4ee7-a827-fd3212fb47a0', 'not_done', 'Bài tập buổi 12', '', '2026-05-30T14:33:13.000Z') on conflict (session_id, student_id) do nothing;
insert into public.homeworks (id, session_id, student_id, progress, title, note, created_at) values (gen_random_uuid(), '9b5ec397-2b6b-4acc-9964-e6e391443cf4', '7b8243d5-8540-4b7f-bbef-9da4627d7794', 'done', 'Bài tập buổi 12', '', '2026-05-30T14:33:13.000Z') on conflict (session_id, student_id) do nothing;
insert into public.homeworks (id, session_id, student_id, progress, title, note, created_at) values (gen_random_uuid(), '9b5ec397-2b6b-4acc-9964-e6e391443cf4', 'fd985660-1303-4265-8814-8b9f3a287484', 'done', 'Bài tập buổi 12', '', '2026-05-30T14:33:13.000Z') on conflict (session_id, student_id) do nothing;
insert into public.homeworks (id, session_id, student_id, progress, title, note, created_at) values (gen_random_uuid(), '9b5ec397-2b6b-4acc-9964-e6e391443cf4', '9816822c-5dd5-4b8a-acb5-d2c5a412631b', 'done', 'Bài tập buổi 12', '', '2026-05-30T14:33:13.000Z') on conflict (session_id, student_id) do nothing;
insert into public.homeworks (id, session_id, student_id, progress, title, note, created_at) values (gen_random_uuid(), '9b5ec397-2b6b-4acc-9964-e6e391443cf4', '40cc83fe-ddac-4867-920e-a616ef2a6c49', 'done', 'Bài tập buổi 12', '', '2026-05-30T14:33:13.000Z') on conflict (session_id, student_id) do nothing;
insert into public.homeworks (id, session_id, student_id, progress, title, note, created_at) values (gen_random_uuid(), 'e84ecf86-222c-4e41-8d6a-8a10d96f749f', '94478a44-7c2f-4ee7-a827-fd3212fb47a0', 'not_done', 'Bài tập buổi 13', '', '2026-06-02T14:26:13.000Z') on conflict (session_id, student_id) do nothing;
insert into public.homeworks (id, session_id, student_id, progress, title, note, created_at) values (gen_random_uuid(), 'e84ecf86-222c-4e41-8d6a-8a10d96f749f', 'dac49642-cbc2-4a77-b34f-65cfb031f83c', 'done', 'Bài tập buổi 13', '', '2026-06-02T14:26:13.000Z') on conflict (session_id, student_id) do nothing;
insert into public.homeworks (id, session_id, student_id, progress, title, note, created_at) values (gen_random_uuid(), 'e84ecf86-222c-4e41-8d6a-8a10d96f749f', '2bf99992-94f9-48c2-953c-a8819e8a4342', 'done', 'Bài tập buổi 13', '', '2026-06-02T14:26:13.000Z') on conflict (session_id, student_id) do nothing;
insert into public.homeworks (id, session_id, student_id, progress, title, note, created_at) values (gen_random_uuid(), 'e84ecf86-222c-4e41-8d6a-8a10d96f749f', '5541d7cb-a327-4bc7-8408-010d069a9e8f', 'not_done', 'Bài tập buổi 13', '', '2026-06-02T14:26:13.000Z') on conflict (session_id, student_id) do nothing;
insert into public.homeworks (id, session_id, student_id, progress, title, note, created_at) values (gen_random_uuid(), 'e84ecf86-222c-4e41-8d6a-8a10d96f749f', 'f2afa4df-cd6d-430c-9fa8-95f5c7aa06a4', 'not_done', 'Bài tập buổi 13', '', '2026-06-02T14:26:13.000Z') on conflict (session_id, student_id) do nothing;
insert into public.homeworks (id, session_id, student_id, progress, title, note, created_at) values (gen_random_uuid(), 'e84ecf86-222c-4e41-8d6a-8a10d96f749f', '40cc83fe-ddac-4867-920e-a616ef2a6c49', 'done', 'Bài tập buổi 13', '', '2026-06-02T14:26:13.000Z') on conflict (session_id, student_id) do nothing;
insert into public.homeworks (id, session_id, student_id, progress, title, note, created_at) values (gen_random_uuid(), 'e84ecf86-222c-4e41-8d6a-8a10d96f749f', 'fd985660-1303-4265-8814-8b9f3a287484', 'done', 'Bài tập buổi 13', '', '2026-06-02T14:26:13.000Z') on conflict (session_id, student_id) do nothing;
insert into public.homeworks (id, session_id, student_id, progress, title, note, created_at) values (gen_random_uuid(), 'e84ecf86-222c-4e41-8d6a-8a10d96f749f', '9816822c-5dd5-4b8a-acb5-d2c5a412631b', 'done', 'Bài tập buổi 13', '', '2026-06-02T14:26:13.000Z') on conflict (session_id, student_id) do nothing;
insert into public.homeworks (id, session_id, student_id, progress, title, note, created_at) values (gen_random_uuid(), 'e84ecf86-222c-4e41-8d6a-8a10d96f749f', '7b8243d5-8540-4b7f-bbef-9da4627d7794', 'not_done', 'Bài tập buổi 13', '', '2026-06-02T14:26:13.000Z') on conflict (session_id, student_id) do nothing;
insert into public.homeworks (id, session_id, student_id, progress, title, note, created_at) values (gen_random_uuid(), '5fe1c873-dc0d-447b-9d45-f8c58b46624f', 'f1738a14-64fb-4843-81bf-5293154c91da', 'done', 'Bài tập buổi 7', '', '2026-05-25T14:59:34.000Z') on conflict (session_id, student_id) do nothing;
insert into public.homeworks (id, session_id, student_id, progress, title, note, created_at) values (gen_random_uuid(), '5fe1c873-dc0d-447b-9d45-f8c58b46624f', '5b87d0c7-1ee7-4f62-b847-d463d09d4c60', 'done', 'Bài tập buổi 7', '', '2026-05-25T14:59:34.000Z') on conflict (session_id, student_id) do nothing;
insert into public.homeworks (id, session_id, student_id, progress, title, note, created_at) values (gen_random_uuid(), '5fe1c873-dc0d-447b-9d45-f8c58b46624f', '857f1cb4-30d9-4a03-8479-8841882a29df', 'done', 'Bài tập buổi 7', '', '2026-05-25T14:59:34.000Z') on conflict (session_id, student_id) do nothing;
insert into public.homeworks (id, session_id, student_id, progress, title, note, created_at) values (gen_random_uuid(), '5fe1c873-dc0d-447b-9d45-f8c58b46624f', '6ede50ba-b02a-494b-9826-c8e850e45548', 'done', 'Bài tập buổi 7', '', '2026-05-25T14:59:34.000Z') on conflict (session_id, student_id) do nothing;
insert into public.homeworks (id, session_id, student_id, progress, title, note, created_at) values (gen_random_uuid(), '5fe1c873-dc0d-447b-9d45-f8c58b46624f', '48d9e1d6-8164-43ee-bff6-9ca309eea473', 'done', 'Bài tập buổi 7', '', '2026-05-25T14:59:34.000Z') on conflict (session_id, student_id) do nothing;
insert into public.homeworks (id, session_id, student_id, progress, title, note, created_at) values (gen_random_uuid(), '5fe1c873-dc0d-447b-9d45-f8c58b46624f', 'f98be027-6691-47fa-bbdc-002ff353d838', 'done', 'Bài tập buổi 7', '', '2026-05-25T14:59:34.000Z') on conflict (session_id, student_id) do nothing;
insert into public.homeworks (id, session_id, student_id, progress, title, note, created_at) values (gen_random_uuid(), '5fe1c873-dc0d-447b-9d45-f8c58b46624f', '5ac04cc9-1653-4dec-8bf7-659ff5def994', 'done', 'Bài tập buổi 7', '', '2026-05-25T14:59:34.000Z') on conflict (session_id, student_id) do nothing;
insert into public.homeworks (id, session_id, student_id, progress, title, note, created_at) values (gen_random_uuid(), '5fe1c873-dc0d-447b-9d45-f8c58b46624f', '00f66c77-d20a-4fff-af9e-1ecdc25ede01', 'done', 'Bài tập buổi 7', '', '2026-05-25T14:59:34.000Z') on conflict (session_id, student_id) do nothing;
insert into public.homeworks (id, session_id, student_id, progress, title, note, created_at) values (gen_random_uuid(), '5fe1c873-dc0d-447b-9d45-f8c58b46624f', '17b57c44-e7ba-4bc4-92d7-746f36f35597', 'done', 'Bài tập buổi 7', '', '2026-05-25T14:59:34.000Z') on conflict (session_id, student_id) do nothing;
insert into public.homeworks (id, session_id, student_id, progress, title, note, created_at) values (gen_random_uuid(), 'e7e7652a-d2e5-4e87-b398-c7e2a0f4fe55', 'f2afa4df-cd6d-430c-9fa8-95f5c7aa06a4', 'done', 'Bài tập buổi 8', '', '2026-05-21T15:31:06.000Z') on conflict (session_id, student_id) do nothing;
insert into public.homeworks (id, session_id, student_id, progress, title, note, created_at) values (gen_random_uuid(), 'e7e7652a-d2e5-4e87-b398-c7e2a0f4fe55', '5541d7cb-a327-4bc7-8408-010d069a9e8f', 'done', 'Bài tập buổi 8', '', '2026-05-21T15:31:06.000Z') on conflict (session_id, student_id) do nothing;
insert into public.homeworks (id, session_id, student_id, progress, title, note, created_at) values (gen_random_uuid(), 'e7e7652a-d2e5-4e87-b398-c7e2a0f4fe55', 'dac49642-cbc2-4a77-b34f-65cfb031f83c', 'done', 'Bài tập buổi 8', '', '2026-05-21T15:31:06.000Z') on conflict (session_id, student_id) do nothing;
insert into public.homeworks (id, session_id, student_id, progress, title, note, created_at) values (gen_random_uuid(), 'e7e7652a-d2e5-4e87-b398-c7e2a0f4fe55', '2bf99992-94f9-48c2-953c-a8819e8a4342', 'not_done', 'Bài tập buổi 8', '', '2026-05-21T15:31:06.000Z') on conflict (session_id, student_id) do nothing;
insert into public.homeworks (id, session_id, student_id, progress, title, note, created_at) values (gen_random_uuid(), 'e7e7652a-d2e5-4e87-b398-c7e2a0f4fe55', '94478a44-7c2f-4ee7-a827-fd3212fb47a0', 'done', 'Bài tập buổi 8', '', '2026-05-21T15:31:06.000Z') on conflict (session_id, student_id) do nothing;
insert into public.homeworks (id, session_id, student_id, progress, title, note, created_at) values (gen_random_uuid(), 'e7e7652a-d2e5-4e87-b398-c7e2a0f4fe55', '7b8243d5-8540-4b7f-bbef-9da4627d7794', 'done', 'Bài tập buổi 8', '', '2026-05-21T15:31:06.000Z') on conflict (session_id, student_id) do nothing;
insert into public.homeworks (id, session_id, student_id, progress, title, note, created_at) values (gen_random_uuid(), 'e7e7652a-d2e5-4e87-b398-c7e2a0f4fe55', '9816822c-5dd5-4b8a-acb5-d2c5a412631b', 'done', 'Bài tập buổi 8', '', '2026-05-21T15:31:06.000Z') on conflict (session_id, student_id) do nothing;
insert into public.homeworks (id, session_id, student_id, progress, title, note, created_at) values (gen_random_uuid(), 'e7e7652a-d2e5-4e87-b398-c7e2a0f4fe55', 'fd985660-1303-4265-8814-8b9f3a287484', 'done', 'Bài tập buổi 8', '', '2026-05-21T15:31:06.000Z') on conflict (session_id, student_id) do nothing;
insert into public.homeworks (id, session_id, student_id, progress, title, note, created_at) values (gen_random_uuid(), 'e7e7652a-d2e5-4e87-b398-c7e2a0f4fe55', '40cc83fe-ddac-4867-920e-a616ef2a6c49', 'done', 'Bài tập buổi 8', '', '2026-05-21T15:31:06.000Z') on conflict (session_id, student_id) do nothing;
insert into public.homeworks (id, session_id, student_id, progress, title, note, created_at) values (gen_random_uuid(), '33666866-f022-412a-bfa3-9b73ada9d4d3', 'f1738a14-64fb-4843-81bf-5293154c91da', 'not_done', 'Bài tập buổi 3', '', '2026-05-15T14:49:51.000Z') on conflict (session_id, student_id) do nothing;
insert into public.homeworks (id, session_id, student_id, progress, title, note, created_at) values (gen_random_uuid(), '33666866-f022-412a-bfa3-9b73ada9d4d3', '857f1cb4-30d9-4a03-8479-8841882a29df', 'done', 'Bài tập buổi 3', '', '2026-05-15T14:49:51.000Z') on conflict (session_id, student_id) do nothing;
insert into public.homeworks (id, session_id, student_id, progress, title, note, created_at) values (gen_random_uuid(), '33666866-f022-412a-bfa3-9b73ada9d4d3', '5b87d0c7-1ee7-4f62-b847-d463d09d4c60', 'done', 'Bài tập buổi 3', '', '2026-05-15T14:49:51.000Z') on conflict (session_id, student_id) do nothing;
insert into public.homeworks (id, session_id, student_id, progress, title, note, created_at) values (gen_random_uuid(), '33666866-f022-412a-bfa3-9b73ada9d4d3', 'f98be027-6691-47fa-bbdc-002ff353d838', 'not_done', 'Bài tập buổi 3', '', '2026-05-15T14:49:51.000Z') on conflict (session_id, student_id) do nothing;
insert into public.homeworks (id, session_id, student_id, progress, title, note, created_at) values (gen_random_uuid(), '33666866-f022-412a-bfa3-9b73ada9d4d3', '48d9e1d6-8164-43ee-bff6-9ca309eea473', 'done', 'Bài tập buổi 3', '', '2026-05-15T14:49:51.000Z') on conflict (session_id, student_id) do nothing;
insert into public.homeworks (id, session_id, student_id, progress, title, note, created_at) values (gen_random_uuid(), '33666866-f022-412a-bfa3-9b73ada9d4d3', '6ede50ba-b02a-494b-9826-c8e850e45548', 'done', 'Bài tập buổi 3', '', '2026-05-15T14:49:51.000Z') on conflict (session_id, student_id) do nothing;
insert into public.homeworks (id, session_id, student_id, progress, title, note, created_at) values (gen_random_uuid(), '33666866-f022-412a-bfa3-9b73ada9d4d3', '5ac04cc9-1653-4dec-8bf7-659ff5def994', 'not_done', 'Bài tập buổi 3', '', '2026-05-15T14:49:51.000Z') on conflict (session_id, student_id) do nothing;
insert into public.homeworks (id, session_id, student_id, progress, title, note, created_at) values (gen_random_uuid(), '33666866-f022-412a-bfa3-9b73ada9d4d3', '17b57c44-e7ba-4bc4-92d7-746f36f35597', 'done', 'Bài tập buổi 3', '', '2026-05-15T14:49:51.000Z') on conflict (session_id, student_id) do nothing;
insert into public.homeworks (id, session_id, student_id, progress, title, note, created_at) values (gen_random_uuid(), '33666866-f022-412a-bfa3-9b73ada9d4d3', '00f66c77-d20a-4fff-af9e-1ecdc25ede01', 'not_done', 'Bài tập buổi 3', '', '2026-05-15T14:49:51.000Z') on conflict (session_id, student_id) do nothing;
insert into public.homeworks (id, session_id, student_id, progress, title, note, created_at) values (gen_random_uuid(), 'f4af1947-d951-4f3a-93de-888e96c9e37a', '7b8243d5-8540-4b7f-bbef-9da4627d7794', 'not_done', 'Bài tập buổi 7', '', '2026-05-19T14:35:52.000Z') on conflict (session_id, student_id) do nothing;
insert into public.homeworks (id, session_id, student_id, progress, title, note, created_at) values (gen_random_uuid(), 'f4af1947-d951-4f3a-93de-888e96c9e37a', '40cc83fe-ddac-4867-920e-a616ef2a6c49', 'done', 'Bài tập buổi 7', '', '2026-05-19T14:35:52.000Z') on conflict (session_id, student_id) do nothing;
insert into public.homeworks (id, session_id, student_id, progress, title, note, created_at) values (gen_random_uuid(), 'f4af1947-d951-4f3a-93de-888e96c9e37a', 'fd985660-1303-4265-8814-8b9f3a287484', 'done', 'Bài tập buổi 7', '', '2026-05-19T14:35:52.000Z') on conflict (session_id, student_id) do nothing;
insert into public.homeworks (id, session_id, student_id, progress, title, note, created_at) values (gen_random_uuid(), 'f4af1947-d951-4f3a-93de-888e96c9e37a', '9816822c-5dd5-4b8a-acb5-d2c5a412631b', 'done', 'Bài tập buổi 7', '', '2026-05-19T14:35:52.000Z') on conflict (session_id, student_id) do nothing;
insert into public.homeworks (id, session_id, student_id, progress, title, note, created_at) values (gen_random_uuid(), 'f4af1947-d951-4f3a-93de-888e96c9e37a', 'f2afa4df-cd6d-430c-9fa8-95f5c7aa06a4', 'done', 'Bài tập buổi 7', '', '2026-05-19T14:35:52.000Z') on conflict (session_id, student_id) do nothing;
insert into public.homeworks (id, session_id, student_id, progress, title, note, created_at) values (gen_random_uuid(), 'f4af1947-d951-4f3a-93de-888e96c9e37a', '94478a44-7c2f-4ee7-a827-fd3212fb47a0', 'done', 'Bài tập buổi 7', '', '2026-05-19T14:35:52.000Z') on conflict (session_id, student_id) do nothing;
insert into public.homeworks (id, session_id, student_id, progress, title, note, created_at) values (gen_random_uuid(), 'f4af1947-d951-4f3a-93de-888e96c9e37a', '2bf99992-94f9-48c2-953c-a8819e8a4342', 'done', 'Bài tập buổi 7', '', '2026-05-19T14:35:52.000Z') on conflict (session_id, student_id) do nothing;
insert into public.homeworks (id, session_id, student_id, progress, title, note, created_at) values (gen_random_uuid(), 'f4af1947-d951-4f3a-93de-888e96c9e37a', 'dac49642-cbc2-4a77-b34f-65cfb031f83c', 'done', 'Bài tập buổi 7', '', '2026-05-19T14:35:52.000Z') on conflict (session_id, student_id) do nothing;
insert into public.homeworks (id, session_id, student_id, progress, title, note, created_at) values (gen_random_uuid(), 'f4af1947-d951-4f3a-93de-888e96c9e37a', '5541d7cb-a327-4bc7-8408-010d069a9e8f', 'not_done', 'Bài tập buổi 7', '', '2026-05-19T14:35:52.000Z') on conflict (session_id, student_id) do nothing;
insert into public.homeworks (id, session_id, student_id, progress, title, note, created_at) values (gen_random_uuid(), 'e8bc72f0-d6eb-4814-98b2-06092a8ebb1c', '9816822c-5dd5-4b8a-acb5-d2c5a412631b', 'done', 'Bài tập buổi 5', '', '2026-05-15T06:48:07.000Z') on conflict (session_id, student_id) do nothing;
insert into public.homeworks (id, session_id, student_id, progress, title, note, created_at) values (gen_random_uuid(), 'e8bc72f0-d6eb-4814-98b2-06092a8ebb1c', 'fd985660-1303-4265-8814-8b9f3a287484', 'done', 'Bài tập buổi 5', '', '2026-05-15T06:48:07.000Z') on conflict (session_id, student_id) do nothing;
insert into public.homeworks (id, session_id, student_id, progress, title, note, created_at) values (gen_random_uuid(), 'e8bc72f0-d6eb-4814-98b2-06092a8ebb1c', '40cc83fe-ddac-4867-920e-a616ef2a6c49', 'done', 'Bài tập buổi 5', '', '2026-05-15T06:48:07.000Z') on conflict (session_id, student_id) do nothing;
insert into public.homeworks (id, session_id, student_id, progress, title, note, created_at) values (gen_random_uuid(), 'e8bc72f0-d6eb-4814-98b2-06092a8ebb1c', '7b8243d5-8540-4b7f-bbef-9da4627d7794', 'not_done', 'Bài tập buổi 5', '', '2026-05-15T06:48:07.000Z') on conflict (session_id, student_id) do nothing;
insert into public.homeworks (id, session_id, student_id, progress, title, note, created_at) values (gen_random_uuid(), 'e8bc72f0-d6eb-4814-98b2-06092a8ebb1c', '5541d7cb-a327-4bc7-8408-010d069a9e8f', 'not_done', 'Bài tập buổi 5', '', '2026-05-15T06:48:07.000Z') on conflict (session_id, student_id) do nothing;
insert into public.homeworks (id, session_id, student_id, progress, title, note, created_at) values (gen_random_uuid(), 'e8bc72f0-d6eb-4814-98b2-06092a8ebb1c', 'dac49642-cbc2-4a77-b34f-65cfb031f83c', 'done', 'Bài tập buổi 5', '', '2026-05-15T06:48:07.000Z') on conflict (session_id, student_id) do nothing;
insert into public.homeworks (id, session_id, student_id, progress, title, note, created_at) values (gen_random_uuid(), 'e8bc72f0-d6eb-4814-98b2-06092a8ebb1c', '2bf99992-94f9-48c2-953c-a8819e8a4342', 'done', 'Bài tập buổi 5', '', '2026-05-15T06:48:07.000Z') on conflict (session_id, student_id) do nothing;
insert into public.homeworks (id, session_id, student_id, progress, title, note, created_at) values (gen_random_uuid(), 'e8bc72f0-d6eb-4814-98b2-06092a8ebb1c', '94478a44-7c2f-4ee7-a827-fd3212fb47a0', 'not_done', 'Bài tập buổi 5', '', '2026-05-15T06:48:07.000Z') on conflict (session_id, student_id) do nothing;
insert into public.homeworks (id, session_id, student_id, progress, title, note, created_at) values (gen_random_uuid(), 'e8bc72f0-d6eb-4814-98b2-06092a8ebb1c', 'f2afa4df-cd6d-430c-9fa8-95f5c7aa06a4', 'not_done', 'Bài tập buổi 5', '', '2026-05-15T06:48:07.000Z') on conflict (session_id, student_id) do nothing;
insert into public.homeworks (id, session_id, student_id, progress, title, note, created_at) values (gen_random_uuid(), 'e903cb8a-3e31-4a76-9345-67748aaa4d47', '00f66c77-d20a-4fff-af9e-1ecdc25ede01', 'done', 'Bài tập buổi 9', '', '2026-05-30T14:32:46.000Z') on conflict (session_id, student_id) do nothing;
insert into public.homeworks (id, session_id, student_id, progress, title, note, created_at) values (gen_random_uuid(), 'e903cb8a-3e31-4a76-9345-67748aaa4d47', '17b57c44-e7ba-4bc4-92d7-746f36f35597', 'done', 'Bài tập buổi 9', '', '2026-05-30T14:32:46.000Z') on conflict (session_id, student_id) do nothing;
insert into public.homeworks (id, session_id, student_id, progress, title, note, created_at) values (gen_random_uuid(), 'e903cb8a-3e31-4a76-9345-67748aaa4d47', '48d9e1d6-8164-43ee-bff6-9ca309eea473', 'done', 'Bài tập buổi 9', '', '2026-05-30T14:32:46.000Z') on conflict (session_id, student_id) do nothing;
insert into public.homeworks (id, session_id, student_id, progress, title, note, created_at) values (gen_random_uuid(), 'e903cb8a-3e31-4a76-9345-67748aaa4d47', '6ede50ba-b02a-494b-9826-c8e850e45548', 'done', 'Bài tập buổi 9', '', '2026-05-30T14:32:46.000Z') on conflict (session_id, student_id) do nothing;
insert into public.homeworks (id, session_id, student_id, progress, title, note, created_at) values (gen_random_uuid(), 'e903cb8a-3e31-4a76-9345-67748aaa4d47', 'f98be027-6691-47fa-bbdc-002ff353d838', 'done', 'Bài tập buổi 9', '', '2026-05-30T14:32:46.000Z') on conflict (session_id, student_id) do nothing;
insert into public.homeworks (id, session_id, student_id, progress, title, note, created_at) values (gen_random_uuid(), 'e903cb8a-3e31-4a76-9345-67748aaa4d47', '5ac04cc9-1653-4dec-8bf7-659ff5def994', 'done', 'Bài tập buổi 9', '', '2026-05-30T14:32:46.000Z') on conflict (session_id, student_id) do nothing;
insert into public.homeworks (id, session_id, student_id, progress, title, note, created_at) values (gen_random_uuid(), 'e903cb8a-3e31-4a76-9345-67748aaa4d47', 'f1738a14-64fb-4843-81bf-5293154c91da', 'done', 'Bài tập buổi 9', '', '2026-05-30T14:32:46.000Z') on conflict (session_id, student_id) do nothing;
insert into public.homeworks (id, session_id, student_id, progress, title, note, created_at) values (gen_random_uuid(), 'e903cb8a-3e31-4a76-9345-67748aaa4d47', '857f1cb4-30d9-4a03-8479-8841882a29df', 'done', 'Bài tập buổi 9', '', '2026-05-30T14:32:46.000Z') on conflict (session_id, student_id) do nothing;
insert into public.homeworks (id, session_id, student_id, progress, title, note, created_at) values (gen_random_uuid(), 'e903cb8a-3e31-4a76-9345-67748aaa4d47', '5b87d0c7-1ee7-4f62-b847-d463d09d4c60', 'not_done', 'Bài tập buổi 9', '', '2026-05-30T14:32:46.000Z') on conflict (session_id, student_id) do nothing;
insert into public.homeworks (id, session_id, student_id, progress, title, note, created_at) values (gen_random_uuid(), 'c036f0e1-5b21-4434-8073-43cb86662908', '5541d7cb-a327-4bc7-8408-010d069a9e8f', 'in_progress', 'Bài tập buổi 2', '', '2026-05-07T15:59:26.000Z') on conflict (session_id, student_id) do nothing;
insert into public.homeworks (id, session_id, student_id, progress, title, note, created_at) values (gen_random_uuid(), 'c036f0e1-5b21-4434-8073-43cb86662908', '94478a44-7c2f-4ee7-a827-fd3212fb47a0', 'done', 'Bài tập buổi 2', '', '2026-05-07T15:59:26.000Z') on conflict (session_id, student_id) do nothing;
insert into public.homeworks (id, session_id, student_id, progress, title, note, created_at) values (gen_random_uuid(), 'c036f0e1-5b21-4434-8073-43cb86662908', 'dac49642-cbc2-4a77-b34f-65cfb031f83c', 'done', 'Bài tập buổi 2', '', '2026-05-07T15:59:26.000Z') on conflict (session_id, student_id) do nothing;
insert into public.homeworks (id, session_id, student_id, progress, title, note, created_at) values (gen_random_uuid(), 'c036f0e1-5b21-4434-8073-43cb86662908', '2bf99992-94f9-48c2-953c-a8819e8a4342', 'done', 'Bài tập buổi 2', '', '2026-05-07T15:59:26.000Z') on conflict (session_id, student_id) do nothing;
insert into public.homeworks (id, session_id, student_id, progress, title, note, created_at) values (gen_random_uuid(), 'c036f0e1-5b21-4434-8073-43cb86662908', 'f2afa4df-cd6d-430c-9fa8-95f5c7aa06a4', 'not_done', 'Bài tập buổi 2', '', '2026-05-07T15:59:26.000Z') on conflict (session_id, student_id) do nothing;
insert into public.homeworks (id, session_id, student_id, progress, title, note, created_at) values (gen_random_uuid(), 'c036f0e1-5b21-4434-8073-43cb86662908', '9816822c-5dd5-4b8a-acb5-d2c5a412631b', 'done', 'Bài tập buổi 2', '', '2026-05-07T15:59:26.000Z') on conflict (session_id, student_id) do nothing;
insert into public.homeworks (id, session_id, student_id, progress, title, note, created_at) values (gen_random_uuid(), 'c036f0e1-5b21-4434-8073-43cb86662908', 'fd985660-1303-4265-8814-8b9f3a287484', 'done', 'Bài tập buổi 2', '', '2026-05-07T15:59:26.000Z') on conflict (session_id, student_id) do nothing;
insert into public.homeworks (id, session_id, student_id, progress, title, note, created_at) values (gen_random_uuid(), 'c036f0e1-5b21-4434-8073-43cb86662908', '40cc83fe-ddac-4867-920e-a616ef2a6c49', 'done', 'Bài tập buổi 2', '', '2026-05-07T15:59:26.000Z') on conflict (session_id, student_id) do nothing;
insert into public.homeworks (id, session_id, student_id, progress, title, note, created_at) values (gen_random_uuid(), 'c036f0e1-5b21-4434-8073-43cb86662908', '7b8243d5-8540-4b7f-bbef-9da4627d7794', 'done', 'Bài tập buổi 2', '', '2026-05-07T15:59:26.000Z') on conflict (session_id, student_id) do nothing;
insert into public.homeworks (id, session_id, student_id, progress, title, note, created_at) values (gen_random_uuid(), 'f21dd684-0295-4224-823d-8fc7ff81be27', '5ac04cc9-1653-4dec-8bf7-659ff5def994', 'done', 'Bài tập buổi 2', '', '2026-05-14T07:43:52.000Z') on conflict (session_id, student_id) do nothing;
insert into public.homeworks (id, session_id, student_id, progress, title, note, created_at) values (gen_random_uuid(), 'f21dd684-0295-4224-823d-8fc7ff81be27', '6ede50ba-b02a-494b-9826-c8e850e45548', 'done', 'Bài tập buổi 2', '', '2026-05-14T07:43:52.000Z') on conflict (session_id, student_id) do nothing;
insert into public.homeworks (id, session_id, student_id, progress, title, note, created_at) values (gen_random_uuid(), 'f21dd684-0295-4224-823d-8fc7ff81be27', '48d9e1d6-8164-43ee-bff6-9ca309eea473', 'done', 'Bài tập buổi 2', '', '2026-05-14T07:43:52.000Z') on conflict (session_id, student_id) do nothing;
insert into public.homeworks (id, session_id, student_id, progress, title, note, created_at) values (gen_random_uuid(), 'f21dd684-0295-4224-823d-8fc7ff81be27', 'f98be027-6691-47fa-bbdc-002ff353d838', 'done', 'Bài tập buổi 2', '', '2026-05-14T07:43:52.000Z') on conflict (session_id, student_id) do nothing;
insert into public.homeworks (id, session_id, student_id, progress, title, note, created_at) values (gen_random_uuid(), 'f21dd684-0295-4224-823d-8fc7ff81be27', '5b87d0c7-1ee7-4f62-b847-d463d09d4c60', 'done', 'Bài tập buổi 2', '', '2026-05-14T07:43:52.000Z') on conflict (session_id, student_id) do nothing;
insert into public.homeworks (id, session_id, student_id, progress, title, note, created_at) values (gen_random_uuid(), 'f21dd684-0295-4224-823d-8fc7ff81be27', '857f1cb4-30d9-4a03-8479-8841882a29df', 'done', 'Bài tập buổi 2', '', '2026-05-14T07:43:52.000Z') on conflict (session_id, student_id) do nothing;
insert into public.homeworks (id, session_id, student_id, progress, title, note, created_at) values (gen_random_uuid(), 'f21dd684-0295-4224-823d-8fc7ff81be27', 'f1738a14-64fb-4843-81bf-5293154c91da', 'done', 'Bài tập buổi 2', '', '2026-05-14T07:43:52.000Z') on conflict (session_id, student_id) do nothing;
insert into public.homeworks (id, session_id, student_id, progress, title, note, created_at) values (gen_random_uuid(), 'f21dd684-0295-4224-823d-8fc7ff81be27', '00f66c77-d20a-4fff-af9e-1ecdc25ede01', 'done', 'Bài tập buổi 2', '', '2026-05-14T07:43:52.000Z') on conflict (session_id, student_id) do nothing;
insert into public.homeworks (id, session_id, student_id, progress, title, note, created_at) values (gen_random_uuid(), 'f21dd684-0295-4224-823d-8fc7ff81be27', '17b57c44-e7ba-4bc4-92d7-746f36f35597', 'done', 'Bài tập buổi 2', '', '2026-05-14T07:43:52.000Z') on conflict (session_id, student_id) do nothing;
insert into public.homeworks (id, session_id, student_id, progress, title, note, created_at) values (gen_random_uuid(), '17a0d9a5-6b70-4b62-a3dd-e98f8f98a589', '5541d7cb-a327-4bc7-8408-010d069a9e8f', 'done', 'Bài tập buổi 1', 'Em làm sai ở các Câu 2, Câu 3 và Câu 10. Em đang bị nhầm lẫn ở phần từ vựng và cách sử dụng từ loại như tính từ hoặc trạng từ.', '2026-04-28T16:19:17.000Z') on conflict (session_id, student_id) do nothing;
insert into public.homeworks (id, session_id, student_id, progress, title, note, created_at) values (gen_random_uuid(), '17a0d9a5-6b70-4b62-a3dd-e98f8f98a589', '94478a44-7c2f-4ee7-a827-fd3212fb47a0', 'done', 'Bài tập buổi 1', '', '2026-04-28T16:19:17.000Z') on conflict (session_id, student_id) do nothing;
insert into public.homeworks (id, session_id, student_id, progress, title, note, created_at) values (gen_random_uuid(), '17a0d9a5-6b70-4b62-a3dd-e98f8f98a589', '2bf99992-94f9-48c2-953c-a8819e8a4342', 'done', 'Bài tập buổi 1', '', '2026-04-28T16:19:17.000Z') on conflict (session_id, student_id) do nothing;
insert into public.homeworks (id, session_id, student_id, progress, title, note, created_at) values (gen_random_uuid(), '17a0d9a5-6b70-4b62-a3dd-e98f8f98a589', 'dac49642-cbc2-4a77-b34f-65cfb031f83c', 'done', 'Bài tập buổi 1', 'Em sai nhiều nhất lớp, cụ thể ở Câu 3, Câu 4, Câu 6 và Câu 10. Mỹ Linh đang hổng kiến thức ở các cấu trúc sử dụng tính từ và trạng từ đặc biệt.', '2026-04-28T16:19:17.000Z') on conflict (session_id, student_id) do nothing;
insert into public.homeworks (id, session_id, student_id, progress, title, note, created_at) values (gen_random_uuid(), '17a0d9a5-6b70-4b62-a3dd-e98f8f98a589', 'f2afa4df-cd6d-430c-9fa8-95f5c7aa06a4', 'done', 'Bài tập buổi 1', '', '2026-04-28T16:19:17.000Z') on conflict (session_id, student_id) do nothing;
insert into public.homeworks (id, session_id, student_id, progress, title, note, created_at) values (gen_random_uuid(), '17a0d9a5-6b70-4b62-a3dd-e98f8f98a589', 'fd985660-1303-4265-8814-8b9f3a287484', 'done', 'Bài tập buổi 1', '', '2026-04-28T16:19:17.000Z') on conflict (session_id, student_id) do nothing;
insert into public.homeworks (id, session_id, student_id, progress, title, note, created_at) values (gen_random_uuid(), '17a0d9a5-6b70-4b62-a3dd-e98f8f98a589', '9816822c-5dd5-4b8a-acb5-d2c5a412631b', 'done', 'Bài tập buổi 1', '', '2026-04-28T16:19:17.000Z') on conflict (session_id, student_id) do nothing;
insert into public.homeworks (id, session_id, student_id, progress, title, note, created_at) values (gen_random_uuid(), '17a0d9a5-6b70-4b62-a3dd-e98f8f98a589', '40cc83fe-ddac-4867-920e-a616ef2a6c49', 'done', 'Bài tập buổi 1', '', '2026-04-28T16:19:17.000Z') on conflict (session_id, student_id) do nothing;
insert into public.homeworks (id, session_id, student_id, progress, title, note, created_at) values (gen_random_uuid(), '17a0d9a5-6b70-4b62-a3dd-e98f8f98a589', '7b8243d5-8540-4b7f-bbef-9da4627d7794', 'done', 'Bài tập buổi 1', 'chưa hoàn thành nội dung, còn kém ngữ pháp', '2026-04-28T16:19:17.000Z') on conflict (session_id, student_id) do nothing;
insert into public.homeworks (id, session_id, student_id, progress, title, note, created_at) values (gen_random_uuid(), '47e9df33-1703-4f81-9874-c55456d6adef', '48d9e1d6-8164-43ee-bff6-9ca309eea473', 'done', 'Bài tập buổi 10', '', '2026-06-01T14:10:15.000Z') on conflict (session_id, student_id) do nothing;
insert into public.homeworks (id, session_id, student_id, progress, title, note, created_at) values (gen_random_uuid(), '47e9df33-1703-4f81-9874-c55456d6adef', '6ede50ba-b02a-494b-9826-c8e850e45548', 'done', 'Bài tập buổi 10', '', '2026-06-01T14:10:15.000Z') on conflict (session_id, student_id) do nothing;
insert into public.homeworks (id, session_id, student_id, progress, title, note, created_at) values (gen_random_uuid(), '47e9df33-1703-4f81-9874-c55456d6adef', 'f98be027-6691-47fa-bbdc-002ff353d838', 'not_done', 'Bài tập buổi 10', '', '2026-06-01T14:10:15.000Z') on conflict (session_id, student_id) do nothing;
insert into public.homeworks (id, session_id, student_id, progress, title, note, created_at) values (gen_random_uuid(), '47e9df33-1703-4f81-9874-c55456d6adef', '5ac04cc9-1653-4dec-8bf7-659ff5def994', 'not_done', 'Bài tập buổi 10', '', '2026-06-01T14:10:15.000Z') on conflict (session_id, student_id) do nothing;
insert into public.homeworks (id, session_id, student_id, progress, title, note, created_at) values (gen_random_uuid(), '47e9df33-1703-4f81-9874-c55456d6adef', 'f1738a14-64fb-4843-81bf-5293154c91da', 'done', 'Bài tập buổi 10', '', '2026-06-01T14:10:15.000Z') on conflict (session_id, student_id) do nothing;
insert into public.homeworks (id, session_id, student_id, progress, title, note, created_at) values (gen_random_uuid(), '47e9df33-1703-4f81-9874-c55456d6adef', '5b87d0c7-1ee7-4f62-b847-d463d09d4c60', 'done', 'Bài tập buổi 10', '', '2026-06-01T14:10:15.000Z') on conflict (session_id, student_id) do nothing;
insert into public.homeworks (id, session_id, student_id, progress, title, note, created_at) values (gen_random_uuid(), '47e9df33-1703-4f81-9874-c55456d6adef', '857f1cb4-30d9-4a03-8479-8841882a29df', 'done', 'Bài tập buổi 10', '', '2026-06-01T14:10:15.000Z') on conflict (session_id, student_id) do nothing;
insert into public.homeworks (id, session_id, student_id, progress, title, note, created_at) values (gen_random_uuid(), '47e9df33-1703-4f81-9874-c55456d6adef', '00f66c77-d20a-4fff-af9e-1ecdc25ede01', 'done', 'Bài tập buổi 10', '', '2026-06-01T14:10:15.000Z') on conflict (session_id, student_id) do nothing;
insert into public.homeworks (id, session_id, student_id, progress, title, note, created_at) values (gen_random_uuid(), '47e9df33-1703-4f81-9874-c55456d6adef', '17b57c44-e7ba-4bc4-92d7-746f36f35597', 'done', 'Bài tập buổi 10', '', '2026-06-01T14:10:15.000Z') on conflict (session_id, student_id) do nothing;
insert into public.homeworks (id, session_id, student_id, progress, title, note, created_at) values (gen_random_uuid(), 'bcdd5f92-b6fb-4023-a59f-ad91cf2c91ae', '17b57c44-e7ba-4bc4-92d7-746f36f35597', 'done', 'Bài tập buổi 1', '', '2026-05-11T14:04:41.000Z') on conflict (session_id, student_id) do nothing;
insert into public.homeworks (id, session_id, student_id, progress, title, note, created_at) values (gen_random_uuid(), 'bcdd5f92-b6fb-4023-a59f-ad91cf2c91ae', '00f66c77-d20a-4fff-af9e-1ecdc25ede01', 'done', 'Bài tập buổi 1', '', '2026-05-11T14:04:41.000Z') on conflict (session_id, student_id) do nothing;
insert into public.homeworks (id, session_id, student_id, progress, title, note, created_at) values (gen_random_uuid(), 'bcdd5f92-b6fb-4023-a59f-ad91cf2c91ae', '6ede50ba-b02a-494b-9826-c8e850e45548', 'done', 'Bài tập buổi 1', '', '2026-05-11T14:04:41.000Z') on conflict (session_id, student_id) do nothing;
insert into public.homeworks (id, session_id, student_id, progress, title, note, created_at) values (gen_random_uuid(), 'bcdd5f92-b6fb-4023-a59f-ad91cf2c91ae', '48d9e1d6-8164-43ee-bff6-9ca309eea473', 'done', 'Bài tập buổi 1', '', '2026-05-11T14:04:41.000Z') on conflict (session_id, student_id) do nothing;
insert into public.homeworks (id, session_id, student_id, progress, title, note, created_at) values (gen_random_uuid(), 'bcdd5f92-b6fb-4023-a59f-ad91cf2c91ae', 'f98be027-6691-47fa-bbdc-002ff353d838', 'done', 'Bài tập buổi 1', '', '2026-05-11T14:04:41.000Z') on conflict (session_id, student_id) do nothing;
insert into public.homeworks (id, session_id, student_id, progress, title, note, created_at) values (gen_random_uuid(), 'bcdd5f92-b6fb-4023-a59f-ad91cf2c91ae', '5ac04cc9-1653-4dec-8bf7-659ff5def994', 'done', 'Bài tập buổi 1', '', '2026-05-11T14:04:41.000Z') on conflict (session_id, student_id) do nothing;
insert into public.homeworks (id, session_id, student_id, progress, title, note, created_at) values (gen_random_uuid(), 'bcdd5f92-b6fb-4023-a59f-ad91cf2c91ae', 'f1738a14-64fb-4843-81bf-5293154c91da', 'done', 'Bài tập buổi 1', '', '2026-05-11T14:04:41.000Z') on conflict (session_id, student_id) do nothing;
insert into public.homeworks (id, session_id, student_id, progress, title, note, created_at) values (gen_random_uuid(), 'bcdd5f92-b6fb-4023-a59f-ad91cf2c91ae', '857f1cb4-30d9-4a03-8479-8841882a29df', 'done', 'Bài tập buổi 1', '', '2026-05-11T14:04:41.000Z') on conflict (session_id, student_id) do nothing;
insert into public.homeworks (id, session_id, student_id, progress, title, note, created_at) values (gen_random_uuid(), 'bcdd5f92-b6fb-4023-a59f-ad91cf2c91ae', '5b87d0c7-1ee7-4f62-b847-d463d09d4c60', 'done', 'Bài tập buổi 1', '', '2026-05-11T14:04:41.000Z') on conflict (session_id, student_id) do nothing;
insert into public.homeworks (id, session_id, student_id, progress, title, note, created_at) values (gen_random_uuid(), '35ec4833-1010-4027-a9bc-3a4837cfcc75', 'f2afa4df-cd6d-430c-9fa8-95f5c7aa06a4', 'not_done', 'Bài tập buổi 9', '', '2026-05-23T13:53:44.000Z') on conflict (session_id, student_id) do nothing;
insert into public.homeworks (id, session_id, student_id, progress, title, note, created_at) values (gen_random_uuid(), '35ec4833-1010-4027-a9bc-3a4837cfcc75', '5541d7cb-a327-4bc7-8408-010d069a9e8f', 'done', 'Bài tập buổi 9', '', '2026-05-23T13:53:44.000Z') on conflict (session_id, student_id) do nothing;
insert into public.homeworks (id, session_id, student_id, progress, title, note, created_at) values (gen_random_uuid(), '35ec4833-1010-4027-a9bc-3a4837cfcc75', '2bf99992-94f9-48c2-953c-a8819e8a4342', 'not_done', 'Bài tập buổi 9', '', '2026-05-23T13:53:44.000Z') on conflict (session_id, student_id) do nothing;
insert into public.homeworks (id, session_id, student_id, progress, title, note, created_at) values (gen_random_uuid(), '35ec4833-1010-4027-a9bc-3a4837cfcc75', 'dac49642-cbc2-4a77-b34f-65cfb031f83c', 'not_done', 'Bài tập buổi 9', '', '2026-05-23T13:53:44.000Z') on conflict (session_id, student_id) do nothing;
insert into public.homeworks (id, session_id, student_id, progress, title, note, created_at) values (gen_random_uuid(), '35ec4833-1010-4027-a9bc-3a4837cfcc75', '94478a44-7c2f-4ee7-a827-fd3212fb47a0', 'done', 'Bài tập buổi 9', '', '2026-05-23T13:53:44.000Z') on conflict (session_id, student_id) do nothing;
insert into public.homeworks (id, session_id, student_id, progress, title, note, created_at) values (gen_random_uuid(), '35ec4833-1010-4027-a9bc-3a4837cfcc75', '7b8243d5-8540-4b7f-bbef-9da4627d7794', 'not_done', 'Bài tập buổi 9', '', '2026-05-23T13:53:44.000Z') on conflict (session_id, student_id) do nothing;
insert into public.homeworks (id, session_id, student_id, progress, title, note, created_at) values (gen_random_uuid(), '35ec4833-1010-4027-a9bc-3a4837cfcc75', 'fd985660-1303-4265-8814-8b9f3a287484', 'done', 'Bài tập buổi 9', '', '2026-05-23T13:53:44.000Z') on conflict (session_id, student_id) do nothing;
insert into public.homeworks (id, session_id, student_id, progress, title, note, created_at) values (gen_random_uuid(), '35ec4833-1010-4027-a9bc-3a4837cfcc75', '9816822c-5dd5-4b8a-acb5-d2c5a412631b', 'done', 'Bài tập buổi 9', '', '2026-05-23T13:53:44.000Z') on conflict (session_id, student_id) do nothing;
insert into public.homeworks (id, session_id, student_id, progress, title, note, created_at) values (gen_random_uuid(), '35ec4833-1010-4027-a9bc-3a4837cfcc75', '40cc83fe-ddac-4867-920e-a616ef2a6c49', 'done', 'Bài tập buổi 9', '', '2026-05-23T13:53:44.000Z') on conflict (session_id, student_id) do nothing;

-- 7. MOCK TEST (1 đề + kết quả; Listening+Reading, maxScore=25 — chỉnh lại trong UI nếu cần)
insert into public.mock_tests (id, class_id, title, date, sections, created_at) values ('a3372e8b-3925-4f87-8d80-b4504e95e729', 'bb91fed2-2eb7-465a-af0b-8e8eafbcae8b', 'Mock Test 2026-05-28', '2026-05-28', '[{"name":"Listening","maxScore":25,"order":0},{"name":"Reading","maxScore":25,"order":1}]'::jsonb, now()) on conflict (id) do nothing;
insert into public.mock_test_results (id, mock_test_id, student_id, scores, total_score, teacher_note, created_at) values (gen_random_uuid(), 'a3372e8b-3925-4f87-8d80-b4504e95e729', 'f2afa4df-cd6d-430c-9fa8-95f5c7aa06a4', '{"Listening":3,"Reading":21}'::jsonb, 24, '- có nền tảng ngữ pháp vững chắc
- Để cải thiện, Thảo Nguyên chỉ cần chú ý dịch nghĩa toàn diện và tích lũy thêm các cụm từ hay đi cùng nhau (collocation) để chọn từ vựng chuẩn xác hơn.', '2026-05-28T14:35:55.000Z') on conflict (mock_test_id, student_id) do nothing;
insert into public.mock_test_results (id, mock_test_id, student_id, scores, total_score, teacher_note, created_at) values (gen_random_uuid(), 'a3372e8b-3925-4f87-8d80-b4504e95e729', 'fd985660-1303-4265-8814-8b9f3a287484', '{"Listening":4,"Reading":21}'::jsonb, 25, 'Nắm rất vững nền tảng ngữ pháp cơ bản, đặc biệt là vị trí và chức năng của các từ loại (danh, tính, trạng từ), cách sử dụng đại từ linh hoạt, cùng với giới từ và từ vựng theo ngữ cảnh.', '2026-05-28T14:21:11.000Z') on conflict (mock_test_id, student_id) do nothing;
insert into public.mock_test_results (id, mock_test_id, student_id, scores, total_score, teacher_note, created_at) values (gen_random_uuid(), 'a3372e8b-3925-4f87-8d80-b4504e95e729', '5541d7cb-a327-4bc7-8408-010d069a9e8f', '{"Listening":1,"Reading":10}'::jsonb, 11, 'Nắm khá tốt các kiến thức cơ bản về vị trí của tính từ bổ nghĩa cho danh từ, trạng từ bổ nghĩa cho tính từ, tính từ đứng sau động từ liên kết và giới từ chỉ địa điểm.
Tuy nhiên, em chưa nắm chắc lý thuyết về đại từ nhân xưng Nâng cao và còn yếu trong việc xác định từ loại ở các câu có cấu trúc dài.
Để cải thiện, Phương Thảo cần được ôn tập thật kỹ lại bảng đại từ (chủ ngữ, tân ngữ, sở hữu), luyện tập cách phân tích các thành phần trong một câu dài để chọn đúng từ loại và rèn thói quen dịch nghĩa câu trước khi chọn đáp án.
Ngoài ra cần luyện nghe nhiều hơn bằng cách tiếp xúc với các nguồn nghe có thề từ phim ảnh hoặc youtube MỖI NGÀY', '2026-05-28T14:24:32.000Z') on conflict (mock_test_id, student_id) do nothing;
insert into public.mock_test_results (id, mock_test_id, student_id, scores, total_score, teacher_note, created_at) values (gen_random_uuid(), 'a3372e8b-3925-4f87-8d80-b4504e95e729', 'dac49642-cbc2-4a77-b34f-65cfb031f83c', '{"Listening":2,"Reading":12}'::jsonb, 14, '- Nắm rất chắc kiến thức cơ bản, nhận diện tốt các cặp từ loại đi liền kề nhau như tính từ bổ nghĩa cho danh từ, trạng từ bổ nghĩa cho tính từ, cùng với từ vựng, giới từ cơ bản và đại từ phản thân.
- Tuy nhiên, em lại hổng kiến thức khá nặng ở phần từ loại nâng cao khi đặt vào cấu trúc câu dài.Đồng thời, em cũng đang bị nhầm lẫn khi chọn đại từ làm tân ngữ đứng sau giới từ.
- Để cải thiện, Mỹ Linh cần xem lại cách phân tích cấu trúc của một câu hoàn chỉnh (nhận diện chủ ngữ, động từ thường, động từ liên kết, tân ngữ), luyện tập chuyên sâu các bài tập từ loại (Word form) trong ngữ cảnh câu dài thay vì chỉ nhìn từ liền kề, và ôn tập lại bảng chức năng của đại từ.
- Và cố gắng làm bài tập thường xuyên nha em!', '2026-05-28T14:28:12.000Z') on conflict (mock_test_id, student_id) do nothing;
insert into public.mock_test_results (id, mock_test_id, student_id, scores, total_score, teacher_note, created_at) values (gen_random_uuid(), 'a3372e8b-3925-4f87-8d80-b4504e95e729', '9816822c-5dd5-4b8a-acb5-d2c5a412631b', '{"Listening":3,"Reading":23}'::jsonb, 26, '- nắm rất vững nền tảng ngữ pháp cơ bản, đặc biệt là vị trí và chức năng của các từ loại (danh, tính, trạng từ), cách sử dụng đại từ linh hoạt, cùng với giới từ và từ vựng theo ngữ cảnh.
- cố gắng phát huy!', '2026-05-28T14:41:17.000Z') on conflict (mock_test_id, student_id) do nothing;
insert into public.mock_test_results (id, mock_test_id, student_id, scores, total_score, teacher_note, created_at) values (gen_random_uuid(), 'a3372e8b-3925-4f87-8d80-b4504e95e729', '2bf99992-94f9-48c2-953c-a8819e8a4342', '{"Listening":2,"Reading":12}'::jsonb, 14, '- nắm rất vững các kiến thức nền tảng ở phần cơ bản, nhận diện tốt đại từ chủ ngữ, tính từ sở hữu, giới từ chỉ địa điểm và các cặp từ loại đi liền kề
- Tuy nhiên, khi áp dụng vào các cấu trúc câu dài ở phần nâng cao, em bộc lộ khá nhiều lỗ hổng. Em chưa nắm được cách dùng trạng từ bổ nghĩa cho động từ thường (câu 4), chưa biết chọn tính từ đi sau động từ liên kết "become" (câu 9) và danh từ đi sau lượng từ "little" (câu 10).
- Để cải thiện, em cần củng cố lại sơ đồ vị trí từ loại trong câu phức tạp (đặc biệt chú ý phân biệt động từ thường và động từ liên kết), rèn thói quen phân tích kỹ các thành phần trước/sau khoảng trống, đồng thời ôn tập lại cách phân biệt đại từ tân ngữ với đại từ phản thân.', '2026-05-28T14:34:12.000Z') on conflict (mock_test_id, student_id) do nothing;
insert into public.mock_test_results (id, mock_test_id, student_id, scores, total_score, teacher_note, created_at) values (gen_random_uuid(), 'a3372e8b-3925-4f87-8d80-b4504e95e729', '40cc83fe-ddac-4867-920e-a616ef2a6c49', '{"Listening":3,"Reading":17}'::jsonb, 20, '- nắm rất chắc các phần ngữ pháp cốt lõi ở phần cơ bản, xử lý tốt cấu trúc giả định với tính từ, đại từ sở hữu/phản thân, giới từ chỉ nơi chốn và từ vựng theo ngữ cảnh.
- Tuy nhiên, em lại chưa nắm vững vị trí từ loại (Word Form) và chức năng của đại từ khi đặt vào cấu trúc câu phức tạp hơn ở phần nâng cao.
- Để cải thiện, xem lại cách phân biệt các loại đại từ và hệ thống lại quy tắc phân bổ vị trí từ loại trong câu.', '2026-05-28T14:40:15.000Z') on conflict (mock_test_id, student_id) do nothing;
insert into public.mock_test_results (id, mock_test_id, student_id, scores, total_score, teacher_note, created_at) values (gen_random_uuid(), 'a3372e8b-3925-4f87-8d80-b4504e95e729', '94478a44-7c2f-4ee7-a827-fd3212fb47a0', '{"Listening":3,"Reading":13}'::jsonb, 16, '- Nắm khá tốt các kiến thức nền tảng ở phần cơ bản, đặc biệt là cách nhận diện vị trí từ loại khi đứng liền kề nhau (tính từ đứng trước bổ nghĩa cho danh từ, trạng từ bổ nghĩa cho tính từ) và phân biệt tốt đại từ sở hữu/đại từ phản thân.
- Tuy nhiên, em gặp lỗ hổng kiến thức khá lớn ở phần nâng cao khi phải xử lý cấu trúc câu dài và từ vựng. Bên cạnh đó, em bị nhầm lẫn giữa đại từ phản thân với đại từ tân ngữ sau giới từ (câu 8)
- Để cải thiện, xem lại toàn bộ hệ thống đại từ (chức năng của chủ ngữ, tân ngữ, phản thân) và giới từ cơ bản. Đồng thời, xem lại phân tích các thành phần cốt lõi (Chủ ngữ - Động từ - Tân ngữ) trong câu dài để xác định đúng loại từ cần điền thay vì làm bài theo cảm tính.', '2026-05-28T14:39:23.000Z') on conflict (mock_test_id, student_id) do nothing;
insert into public.mock_test_results (id, mock_test_id, student_id, scores, total_score, teacher_note, created_at) values (gen_random_uuid(), 'a3372e8b-3925-4f87-8d80-b4504e95e729', '7b8243d5-8540-4b7f-bbef-9da4627d7794', '{"Listening":2,"Reading":15}'::jsonb, 17, '- Nắm khá ổn các cấu trúc có dấu hiệu nhận biết rõ ràng như giới từ chỉ nơi chốn, đại từ nhân xưng làm chủ ngữ, đại từ phản thân/sở hữu, tính từ đứng sau cấu trúc "It is" hoặc "become", và danh từ đứng sau lượng từ hoặc tính từ.
- Tuy nhiên, chưa nắm vững và vận dụng thiếu ổn định quy tắc vị trí của từ loại (Word Form) trong câu, có xu hướng làm bài theo cảm tính.
- Để khắc phục, xem lại toàn bộ sơ đồ vị trí và chức năng của từ loại (Danh - Động - Tính - Trạng). Tập thói quen phân tích kỹ các từ đứng liền trước và liền sau khoảng trống để xác định đúng loại từ cần điền, kết hợp ôn tập lại bảng đại từ và tăng cường kỹ năng dịch hiểu ý nghĩa trọn vẹn của câu.', '2026-05-28T14:31:11.000Z') on conflict (mock_test_id, student_id) do nothing;

commit;

-- ===== TÓM TẮT =====
-- classes:      2
-- students:     18
-- enrollments:  18
-- sessions:     24
-- attendance:   216 (bỏ 48 mồ côi)
-- homeworks:    207 (bỏ 8 submission của HS đã xóa)
-- mock results: 9
-- payments:     0 (toàn bộ mồ côi — đã bỏ theo quyết định)